This file contains any messages produced by compilers while
running configure, to aid debugging if configure makes a mistake.

It was created by ucc configure 1.3, which was
generated by GNU Autoconf 2.69.  Invocation command line was

  $ ../configure --prefix=/home/pj24001791/ku40000464/openucc/ucc-install-path --with-ucx=/home/app/hpcx/2.20.0/ucx

## --------- ##
## Platform. ##
## --------- ##

hostname = genkai0002
uname -m = x86_64
uname -r = 4.18.0-477.27.1.el8_8.x86_64
uname -s = Linux
uname -v = #1 SMP Thu Aug 31 10:29:22 EDT 2023

/usr/bin/uname -p = x86_64
/bin/uname -X     = unknown

/bin/arch              = x86_64
/usr/bin/arch -k       = unknown
/usr/convex/getsysinfo = unknown
/usr/bin/hostinfo      = unknown
/bin/machine           = unknown
/usr/bin/oslevel       = unknown
/bin/universe          = unknown

PATH: /home/app/hpcx/2.20.0/clusterkit/bin
PATH: /home/app/hpcx/2.20.0/ompi/tests/imb
PATH: /home/app/hpcx/2.20.0/sharp/bin
PATH: /home/app/hpcx/2.20.0/hcoll/bin
PATH: /home/app/hpcx/2.20.0/ucc/bin
PATH: /home/app/hpcx/2.20.0/ucx/bin
PATH: /home/app/hpcx/2.20.0/ompi/bin
PATH: /home/app/cuda/12.6.1/bin
PATH: /home/pj24001791/ku40000464/neofetch/neofetch-install-path/bin
PATH: /home/pj24001791/ku40000464/.vscode-server/cli/servers/Stable-138f619c86f1199955d53b4166bef66ef252935c/server/bin/remote-cli
PATH: /home/pj24001791/ku40000464/neofetch/neofetch-install-path/bin
PATH: /home/pj24001791/ku40000464/neofetch/neofetch-install-path/bin
PATH: /home/pj24001791/ku40000464/.local/bin
PATH: /home/pj24001791/ku40000464/bin
PATH: /usr/share/Modules/bin
PATH: /usr/local/bin
PATH: /usr/bin
PATH: /usr/local/sbin
PATH: /usr/sbin
PATH: /opt/cycle/jetpack/bin
PATH: /opt/cycle/jetpack/bin
PATH: /home/pj24001791/ku40000464/.vscode-server/data/User/globalStorage/github.copilot-chat/debugCommand
PATH: /opt/cycle/jetpack/bin


## ----------- ##
## Core tests. ##
## ----------- ##

configure:3149: checking for gcc
configure:3165: found /usr/bin/gcc
configure:3176: result: gcc
configure:3405: checking for C compiler version
configure:3414: gcc --version >&5
gcc (GCC) 8.5.0 20210514 (Red Hat 8.5.0-18)
Copyright (C) 2018 Free Software Foundation, Inc.
This is free software; see the source for copying conditions.  There is NO
warranty; not even for MERCHANTABILITY or FITNESS FOR A PARTICULAR PURPOSE.

configure:3425: $? = 0
configure:3414: gcc -v >&5
Using built-in specs.
COLLECT_GCC=gcc
COLLECT_LTO_WRAPPER=/usr/libexec/gcc/x86_64-redhat-linux/8/lto-wrapper
OFFLOAD_TARGET_NAMES=nvptx-none
OFFLOAD_TARGET_DEFAULT=1
Target: x86_64-redhat-linux
Configured with: ../configure --enable-bootstrap --enable-languages=c,c++,fortran,lto --prefix=/usr --mandir=/usr/share/man --infodir=/usr/share/info --with-bugurl=http://bugzilla.redhat.com/bugzilla --enable-shared --enable-threads=posix --enable-checking=release --enable-multilib --with-system-zlib --enable-__cxa_atexit --disable-libunwind-exceptions --enable-gnu-unique-object --enable-linker-build-id --with-gcc-major-version-only --with-linker-hash-style=gnu --enable-plugin --enable-initfini-array --with-isl --disable-libmpx --enable-offload-targets=nvptx-none --without-cuda-driver --enable-gnu-indirect-function --enable-cet --with-tune=generic --with-arch_32=x86-64 --build=x86_64-redhat-linux
Thread model: posix
gcc version 8.5.0 20210514 (Red Hat 8.5.0-18) (GCC) 
configure:3425: $? = 0
configure:3414: gcc -V >&5
gcc: error: unrecognized command line option '-V'
gcc: fatal error: no input files
compilation terminated.
configure:3425: $? = 1
configure:3414: gcc -qversion >&5
gcc: error: unrecognized command line option '-qversion'; did you mean '--version'?
gcc: fatal error: no input files
compilation terminated.
configure:3425: $? = 1
configure:3445: checking whether the C compiler works
configure:3467: gcc    conftest.c  >&5
configure:3471: $? = 0
configure:3519: result: yes
configure:3522: checking for C compiler default output file name
configure:3524: result: a.out
configure:3530: checking for suffix of executables
configure:3537: gcc -o conftest    conftest.c  >&5
configure:3541: $? = 0
configure:3563: result: 
configure:3585: checking whether we are cross compiling
configure:3593: gcc -o conftest    conftest.c  >&5
configure:3597: $? = 0
configure:3604: ./conftest
configure:3608: $? = 0
configure:3623: result: no
configure:3628: checking for suffix of object files
configure:3650: gcc -c   conftest.c >&5
configure:3654: $? = 0
configure:3675: result: o
configure:3679: checking whether we are using the GNU C compiler
configure:3698: gcc -c   conftest.c >&5
configure:3698: $? = 0
configure:3707: result: yes
configure:3716: checking whether gcc accepts -g
configure:3736: gcc -c -g  conftest.c >&5
configure:3736: $? = 0
configure:3777: result: yes
configure:3794: checking for gcc option to accept ISO C89
configure:3857: gcc  -c   conftest.c >&5
configure:3857: $? = 0
configure:3870: result: none needed
configure:3895: checking whether gcc understands -c and -o together
configure:3917: gcc -c conftest.c -o conftest2.o
configure:3920: $? = 0
configure:3917: gcc -c conftest.c -o conftest2.o
configure:3920: $? = 0
configure:3932: result: yes
configure:3955: checking how to run the C preprocessor
configure:3986: gcc -E  conftest.c
configure:3986: $? = 0
configure:4000: gcc -E  conftest.c
conftest.c:9:10: fatal error: ac_nonexistent.h: No such file or directory
 #include <ac_nonexistent.h>
          ^~~~~~~~~~~~~~~~~~
compilation terminated.
configure:4000: $? = 1
configure: failed program was:
| /* confdefs.h */
| #define PACKAGE_NAME "ucc"
| #define PACKAGE_TARNAME "ucc"
| #define PACKAGE_VERSION "1.3"
| #define PACKAGE_STRING "ucc 1.3"
| #define PACKAGE_BUGREPORT ""
| #define PACKAGE_URL ""
| /* end confdefs.h.  */
| #include <ac_nonexistent.h>
configure:4025: result: gcc -E
configure:4045: gcc -E  conftest.c
configure:4045: $? = 0
configure:4059: gcc -E  conftest.c
conftest.c:9:10: fatal error: ac_nonexistent.h: No such file or directory
 #include <ac_nonexistent.h>
          ^~~~~~~~~~~~~~~~~~
compilation terminated.
configure:4059: $? = 1
configure: failed program was:
| /* confdefs.h */
| #define PACKAGE_NAME "ucc"
| #define PACKAGE_TARNAME "ucc"
| #define PACKAGE_VERSION "1.3"
| #define PACKAGE_STRING "ucc 1.3"
| #define PACKAGE_BUGREPORT ""
| #define PACKAGE_URL ""
| /* end confdefs.h.  */
| #include <ac_nonexistent.h>
configure:4088: checking for grep that handles long lines and -e
configure:4146: result: /usr/bin/grep
configure:4151: checking for egrep
configure:4213: result: /usr/bin/grep -E
configure:4218: checking for ANSI C header files
configure:4238: gcc -c   conftest.c >&5
configure:4238: $? = 0
configure:4311: gcc -o conftest    conftest.c  >&5
configure:4311: $? = 0
configure:4311: ./conftest
configure:4311: $? = 0
configure:4322: result: yes
configure:4335: checking for sys/types.h
configure:4335: gcc -c   conftest.c >&5
configure:4335: $? = 0
configure:4335: result: yes
configure:4335: checking for sys/stat.h
configure:4335: gcc -c   conftest.c >&5
configure:4335: $? = 0
configure:4335: result: yes
configure:4335: checking for stdlib.h
configure:4335: gcc -c   conftest.c >&5
configure:4335: $? = 0
configure:4335: result: yes
configure:4335: checking for string.h
configure:4335: gcc -c   conftest.c >&5
configure:4335: $? = 0
configure:4335: result: yes
configure:4335: checking for memory.h
configure:4335: gcc -c   conftest.c >&5
configure:4335: $? = 0
configure:4335: result: yes
configure:4335: checking for strings.h
configure:4335: gcc -c   conftest.c >&5
configure:4335: $? = 0
configure:4335: result: yes
configure:4335: checking for inttypes.h
configure:4335: gcc -c   conftest.c >&5
configure:4335: $? = 0
configure:4335: result: yes
configure:4335: checking for stdint.h
configure:4335: gcc -c   conftest.c >&5
configure:4335: $? = 0
configure:4335: result: yes
configure:4335: checking for unistd.h
configure:4335: gcc -c   conftest.c >&5
configure:4335: $? = 0
configure:4335: result: yes
configure:4348: checking minix/config.h usability
configure:4348: gcc -c   conftest.c >&5
conftest.c:52:10: fatal error: minix/config.h: No such file or directory
 #include <minix/config.h>
          ^~~~~~~~~~~~~~~~
compilation terminated.
configure:4348: $? = 1
configure: failed program was:
| /* confdefs.h */
| #define PACKAGE_NAME "ucc"
| #define PACKAGE_TARNAME "ucc"
| #define PACKAGE_VERSION "1.3"
| #define PACKAGE_STRING "ucc 1.3"
| #define PACKAGE_BUGREPORT ""
| #define PACKAGE_URL ""
| #define STDC_HEADERS 1
| #define HAVE_SYS_TYPES_H 1
| #define HAVE_SYS_STAT_H 1
| #define HAVE_STDLIB_H 1
| #define HAVE_STRING_H 1
| #define HAVE_MEMORY_H 1
| #define HAVE_STRINGS_H 1
| #define HAVE_INTTYPES_H 1
| #define HAVE_STDINT_H 1
| #define HAVE_UNISTD_H 1
| /* end confdefs.h.  */
| #include <stdio.h>
| #ifdef HAVE_SYS_TYPES_H
| # include <sys/types.h>
| #endif
| #ifdef HAVE_SYS_STAT_H
| # include <sys/stat.h>
| #endif
| #ifdef STDC_HEADERS
| # include <stdlib.h>
| # include <stddef.h>
| #else
| # ifdef HAVE_STDLIB_H
| #  include <stdlib.h>
| # endif
| #endif
| #ifdef HAVE_STRING_H
| # if !defined STDC_HEADERS && defined HAVE_MEMORY_H
| #  include <memory.h>
| # endif
| # include <string.h>
| #endif
| #ifdef HAVE_STRINGS_H
| # include <strings.h>
| #endif
| #ifdef HAVE_INTTYPES_H
| # include <inttypes.h>
| #endif
| #ifdef HAVE_STDINT_H
| # include <stdint.h>
| #endif
| #ifdef HAVE_UNISTD_H
| # include <unistd.h>
| #endif
| #include <minix/config.h>
configure:4348: result: no
configure:4348: checking minix/config.h presence
configure:4348: gcc -E  conftest.c
conftest.c:19:10: fatal error: minix/config.h: No such file or directory
 #include <minix/config.h>
          ^~~~~~~~~~~~~~~~
compilation terminated.
configure:4348: $? = 1
configure: failed program was:
| /* confdefs.h */
| #define PACKAGE_NAME "ucc"
| #define PACKAGE_TARNAME "ucc"
| #define PACKAGE_VERSION "1.3"
| #define PACKAGE_STRING "ucc 1.3"
| #define PACKAGE_BUGREPORT ""
| #define PACKAGE_URL ""
| #define STDC_HEADERS 1
| #define HAVE_SYS_TYPES_H 1
| #define HAVE_SYS_STAT_H 1
| #define HAVE_STDLIB_H 1
| #define HAVE_STRING_H 1
| #define HAVE_MEMORY_H 1
| #define HAVE_STRINGS_H 1
| #define HAVE_INTTYPES_H 1
| #define HAVE_STDINT_H 1
| #define HAVE_UNISTD_H 1
| /* end confdefs.h.  */
| #include <minix/config.h>
configure:4348: result: no
configure:4348: checking for minix/config.h
configure:4348: result: no
configure:4369: checking whether it is safe to define __EXTENSIONS__
configure:4387: gcc -c   conftest.c >&5
configure:4387: $? = 0
configure:4394: result: yes
configure:4428: builddir: /home/pj24001791/ku40000464/openucc/ucc-1.3.0/build
configure:4430: srcdir: /home/pj24001791/ku40000464/openucc/ucc-1.3.0
configure:4449: checking for a BSD-compatible install
configure:4517: result: /usr/bin/install -c
configure:4528: checking whether build environment is sane
configure:4583: result: yes
configure:4731: checking for a thread-safe mkdir -p
configure:4770: result: /usr/bin/mkdir -p
configure:4777: checking for gawk
configure:4793: found /usr/bin/gawk
configure:4804: result: gawk
configure:4815: checking whether make sets $(MAKE)
configure:4837: result: yes
configure:4859: checking whether make supports the include directive
configure:4874: make -f confmf.GNU && cat confinc.out
this is the am__doit target
configure:4877: $? = 0
configure:4896: result: yes (GNU style)
configure:4929: checking whether make supports nested variables
configure:4946: result: yes
configure:5035: checking whether UID '10478' is supported by ustar format
configure:5038: result: yes
configure:5045: checking whether GID '10211' is supported by ustar format
configure:5048: result: yes
configure:5056: checking how to create a ustar tar archive
configure:5067: tar --version
tar (GNU tar) 1.30
Copyright (C) 2017 Free Software Foundation, Inc.
License GPLv3+: GNU GPL version 3 or later <https://gnu.org/licenses/gpl.html>.
This is free software: you are free to change and redistribute it.
There is NO WARRANTY, to the extent permitted by law.

Written by John Gilmore and Jay Fenlason.
configure:5070: $? = 0
configure:5110: tardir=conftest.dir && eval tar --format=ustar -chf - "$tardir" >conftest.tar
configure:5113: $? = 0
configure:5117: tar -xf - <conftest.tar
configure:5120: $? = 0
configure:5122: cat conftest.dir/file
GrepMe
configure:5125: $? = 0
configure:5138: result: gnutar
configure:5147: checking dependency style of gcc
configure:5258: result: gcc3
configure:5327: checking whether make supports nested variables
configure:5344: result: yes
configure:5356: checking whether to enable maintainer-specific portions of Makefiles
configure:5365: result: no
configure:5398: git sha: 
configure:5450: checking for gcc
configure:5477: result: gcc
configure:5706: checking for C compiler version
configure:5715: gcc --version >&5
gcc (GCC) 8.5.0 20210514 (Red Hat 8.5.0-18)
Copyright (C) 2018 Free Software Foundation, Inc.
This is free software; see the source for copying conditions.  There is NO
warranty; not even for MERCHANTABILITY or FITNESS FOR A PARTICULAR PURPOSE.

configure:5726: $? = 0
configure:5715: gcc -v >&5
Using built-in specs.
COLLECT_GCC=gcc
COLLECT_LTO_WRAPPER=/usr/libexec/gcc/x86_64-redhat-linux/8/lto-wrapper
OFFLOAD_TARGET_NAMES=nvptx-none
OFFLOAD_TARGET_DEFAULT=1
Target: x86_64-redhat-linux
Configured with: ../configure --enable-bootstrap --enable-languages=c,c++,fortran,lto --prefix=/usr --mandir=/usr/share/man --infodir=/usr/share/info --with-bugurl=http://bugzilla.redhat.com/bugzilla --enable-shared --enable-threads=posix --enable-checking=release --enable-multilib --with-system-zlib --enable-__cxa_atexit --disable-libunwind-exceptions --enable-gnu-unique-object --enable-linker-build-id --with-gcc-major-version-only --with-linker-hash-style=gnu --enable-plugin --enable-initfini-array --with-isl --disable-libmpx --enable-offload-targets=nvptx-none --without-cuda-driver --enable-gnu-indirect-function --enable-cet --with-tune=generic --with-arch_32=x86-64 --build=x86_64-redhat-linux
Thread model: posix
gcc version 8.5.0 20210514 (Red Hat 8.5.0-18) (GCC) 
configure:5726: $? = 0
configure:5715: gcc -V >&5
gcc: error: unrecognized command line option '-V'
gcc: fatal error: no input files
compilation terminated.
configure:5726: $? = 1
configure:5715: gcc -qversion >&5
gcc: error: unrecognized command line option '-qversion'; did you mean '--version'?
gcc: fatal error: no input files
compilation terminated.
configure:5726: $? = 1
configure:5730: checking whether we are using the GNU C compiler
configure:5758: result: yes
configure:5767: checking whether gcc accepts -g
configure:5828: result: yes
configure:5845: checking for gcc option to accept ISO C89
configure:5921: result: none needed
configure:5946: checking whether gcc understands -c and -o together
configure:5983: result: yes
configure:6058: checking for g++
configure:6074: found /usr/bin/g++
configure:6085: result: g++
configure:6112: checking for C++ compiler version
configure:6121: g++ --version >&5
g++ (GCC) 8.5.0 20210514 (Red Hat 8.5.0-18)
Copyright (C) 2018 Free Software Foundation, Inc.
This is free software; see the source for copying conditions.  There is NO
warranty; not even for MERCHANTABILITY or FITNESS FOR A PARTICULAR PURPOSE.

configure:6132: $? = 0
configure:6121: g++ -v >&5
Using built-in specs.
COLLECT_GCC=g++
COLLECT_LTO_WRAPPER=/usr/libexec/gcc/x86_64-redhat-linux/8/lto-wrapper
OFFLOAD_TARGET_NAMES=nvptx-none
OFFLOAD_TARGET_DEFAULT=1
Target: x86_64-redhat-linux
Configured with: ../configure --enable-bootstrap --enable-languages=c,c++,fortran,lto --prefix=/usr --mandir=/usr/share/man --infodir=/usr/share/info --with-bugurl=http://bugzilla.redhat.com/bugzilla --enable-shared --enable-threads=posix --enable-checking=release --enable-multilib --with-system-zlib --enable-__cxa_atexit --disable-libunwind-exceptions --enable-gnu-unique-object --enable-linker-build-id --with-gcc-major-version-only --with-linker-hash-style=gnu --enable-plugin --enable-initfini-array --with-isl --disable-libmpx --enable-offload-targets=nvptx-none --without-cuda-driver --enable-gnu-indirect-function --enable-cet --with-tune=generic --with-arch_32=x86-64 --build=x86_64-redhat-linux
Thread model: posix
gcc version 8.5.0 20210514 (Red Hat 8.5.0-18) (GCC) 
configure:6132: $? = 0
configure:6121: g++ -V >&5
g++: error: unrecognized command line option '-V'
g++: fatal error: no input files
compilation terminated.
configure:6132: $? = 1
configure:6121: g++ -qversion >&5
g++: error: unrecognized command line option '-qversion'; did you mean '--version'?
g++: fatal error: no input files
compilation terminated.
configure:6132: $? = 1
configure:6136: checking whether we are using the GNU C++ compiler
configure:6155: g++ -c   conftest.cpp >&5
configure:6155: $? = 0
configure:6164: result: yes
configure:6173: checking whether g++ accepts -g
configure:6193: g++ -c -g  conftest.cpp >&5
configure:6193: $? = 0
configure:6234: result: yes
configure:6259: checking dependency style of g++
configure:6370: result: gcc3
configure:6394: checking dependency style of gcc
configure:6503: result: gcc3
configure:6518: checking whether ln -s works
configure:6522: result: yes
configure:6560: checking build system type
configure:6574: result: x86_64-pc-linux-gnu
configure:6594: checking host system type
configure:6607: result: x86_64-pc-linux-gnu
configure:6648: checking how to print strings
configure:6675: result: printf
configure:6696: checking for a sed that does not truncate output
configure:6760: result: /usr/bin/sed
configure:6778: checking for fgrep
configure:6840: result: /usr/bin/grep -F
configure:6875: checking for ld used by gcc
configure:6942: result: /usr/bin/ld
configure:6949: checking if the linker (/usr/bin/ld) is GNU ld
configure:6964: result: yes
configure:6976: checking for BSD- or MS-compatible name lister (nm)
configure:7030: result: /usr/bin/nm -B
configure:7160: checking the name lister (/usr/bin/nm -B) interface
configure:7167: gcc -c   conftest.c >&5
configure:7170: /usr/bin/nm -B "conftest.o"
configure:7173: output
0000000000000000 B some_variable
configure:7180: result: BSD nm
configure:7184: checking the maximum length of command line arguments
configure:7315: result: 1572864
configure:7363: checking how to convert x86_64-pc-linux-gnu file names to x86_64-pc-linux-gnu format
configure:7403: result: func_convert_file_noop
configure:7410: checking how to convert x86_64-pc-linux-gnu file names to toolchain format
configure:7430: result: func_convert_file_noop
configure:7437: checking for /usr/bin/ld option to reload object files
configure:7444: result: -r
configure:7518: checking for objdump
configure:7534: found /usr/bin/objdump
configure:7545: result: objdump
configure:7577: checking how to recognize dependent libraries
configure:7777: result: pass_all
configure:7862: checking for dlltool
configure:7892: result: no
configure:7922: checking how to associate runtime and link libraries
configure:7949: result: printf %s\n
configure:8009: checking for ar
configure:8025: found /usr/bin/ar
configure:8036: result: ar
configure:8073: checking for archiver @FILE support
configure:8090: gcc -c   conftest.c >&5
configure:8090: $? = 0
configure:8093: ar cru libconftest.a @conftest.lst >&5
configure:8096: $? = 0
configure:8101: ar cru libconftest.a @conftest.lst >&5
ar: conftest.o: No such file or directory
configure:8104: $? = 1
configure:8116: result: @
configure:8174: checking for strip
configure:8190: found /usr/bin/strip
configure:8201: result: strip
configure:8273: checking for ranlib
configure:8289: found /usr/bin/ranlib
configure:8300: result: ranlib
configure:8402: checking command to parse /usr/bin/nm -B output from gcc object
configure:8555: gcc -c   conftest.c >&5
configure:8558: $? = 0
configure:8562: /usr/bin/nm -B conftest.o \| sed -n -e 's/^.*[ ]\([ABCDGIRSTW][ABCDGIRSTW]*\)[ ][ ]*\([_A-Za-z][_A-Za-z0-9]*\)$/\1 \2 \2/p' | sed '/ __gnu_lto/d' \> conftest.nm
configure:8565: $? = 0
configure:8631: gcc -o conftest    conftest.c conftstm.o >&5
configure:8634: $? = 0
configure:8672: result: ok
configure:8719: checking for sysroot
configure:8749: result: no
configure:8756: checking for a working dd
configure:8794: result: /usr/bin/dd
configure:8798: checking how to truncate binary pipes
configure:8813: result: /usr/bin/dd bs=4096 count=1
configure:8949: gcc -c   conftest.c >&5
configure:8952: $? = 0
configure:9142: checking for mt
configure:9172: result: no
configure:9192: checking if : is a manifest tool
configure:9198: : '-?'
configure:9206: result: no
configure:9880: checking for dlfcn.h
configure:9880: gcc -c   conftest.c >&5
configure:9880: $? = 0
configure:9880: result: yes
configure:10147: checking for objdir
configure:10162: result: .libs
configure:10426: checking if gcc supports -fno-rtti -fno-exceptions
configure:10444: gcc -c   -fno-rtti -fno-exceptions conftest.c >&5
cc1: warning: command line option '-fno-rtti' is valid for C++/ObjC++ but not for C
configure:10448: $? = 0
configure:10461: result: no
configure:10819: checking for gcc option to produce PIC
configure:10826: result: -fPIC -DPIC
configure:10834: checking if gcc PIC flag -fPIC -DPIC works
configure:10852: gcc -c   -fPIC -DPIC -DPIC conftest.c >&5
configure:10856: $? = 0
configure:10869: result: yes
configure:10898: checking if gcc static flag -static works
configure:10926: result: no
configure:10941: checking if gcc supports -c -o file.o
configure:10962: gcc -c   -o out/conftest2.o conftest.c >&5
configure:10966: $? = 0
configure:10988: result: yes
configure:10996: checking if gcc supports -c -o file.o
configure:11043: result: yes
configure:11076: checking whether the gcc linker (/usr/bin/ld -m elf_x86_64) supports shared libraries
configure:12335: result: yes
configure:12372: checking whether -lc should be explicitly linked in
configure:12380: gcc -c   conftest.c >&5
configure:12383: $? = 0
configure:12398: gcc -shared  -fPIC -DPIC conftest.o  -v -Wl,-soname -Wl,conftest -o conftest 2\>\&1 \| /usr/bin/grep  -lc  \>/dev/null 2\>\&1
configure:12401: $? = 0
configure:12415: result: no
configure:12575: checking dynamic linker characteristics
configure:13156: gcc -o conftest    -Wl,-rpath -Wl,/foo conftest.c  >&5
configure:13156: $? = 0
configure:13396: result: GNU/Linux ld.so
configure:13518: checking how to hardcode library paths into programs
configure:13543: result: immediate
configure:14091: checking whether stripping libraries is possible
configure:14096: result: yes
configure:14131: checking if libtool supports shared libraries
configure:14133: result: yes
configure:14136: checking whether to build shared libraries
configure:14161: result: yes
configure:14164: checking whether to build static libraries
configure:14168: result: yes
configure:14191: checking how to run the C++ preprocessor
configure:14218: g++ -E  conftest.cpp
configure:14218: $? = 0
configure:14232: g++ -E  conftest.cpp
conftest.cpp:29:10: fatal error: ac_nonexistent.h: No such file or directory
 #include <ac_nonexistent.h>
          ^~~~~~~~~~~~~~~~~~
compilation terminated.
configure:14232: $? = 1
configure: failed program was:
| /* confdefs.h */
| #define PACKAGE_NAME "ucc"
| #define PACKAGE_TARNAME "ucc"
| #define PACKAGE_VERSION "1.3"
| #define PACKAGE_STRING "ucc 1.3"
| #define PACKAGE_BUGREPORT ""
| #define PACKAGE_URL ""
| #define STDC_HEADERS 1
| #define HAVE_SYS_TYPES_H 1
| #define HAVE_SYS_STAT_H 1
| #define HAVE_STDLIB_H 1
| #define HAVE_STRING_H 1
| #define HAVE_MEMORY_H 1
| #define HAVE_STRINGS_H 1
| #define HAVE_INTTYPES_H 1
| #define HAVE_STDINT_H 1
| #define HAVE_UNISTD_H 1
| #define __EXTENSIONS__ 1
| #define _ALL_SOURCE 1
| #define _GNU_SOURCE 1
| #define _POSIX_PTHREAD_SEMANTICS 1
| #define _TANDEM_SOURCE 1
| #define UCC_CONFIGURE_FLAGS "--prefix=/home/pj24001791/ku40000464/openucc/ucc-install-path --with-ucx=/home/app/hpcx/2.20.0/ucx"
| #define PACKAGE "ucc"
| #define VERSION "1.3"
| #define HAVE_DLFCN_H 1
| #define LT_OBJDIR ".libs/"
| /* end confdefs.h.  */
| #include <ac_nonexistent.h>
configure:14257: result: g++ -E
configure:14277: g++ -E  conftest.cpp
configure:14277: $? = 0
configure:14291: g++ -E  conftest.cpp
conftest.cpp:29:10: fatal error: ac_nonexistent.h: No such file or directory
 #include <ac_nonexistent.h>
          ^~~~~~~~~~~~~~~~~~
compilation terminated.
configure:14291: $? = 1
configure: failed program was:
| /* confdefs.h */
| #define PACKAGE_NAME "ucc"
| #define PACKAGE_TARNAME "ucc"
| #define PACKAGE_VERSION "1.3"
| #define PACKAGE_STRING "ucc 1.3"
| #define PACKAGE_BUGREPORT ""
| #define PACKAGE_URL ""
| #define STDC_HEADERS 1
| #define HAVE_SYS_TYPES_H 1
| #define HAVE_SYS_STAT_H 1
| #define HAVE_STDLIB_H 1
| #define HAVE_STRING_H 1
| #define HAVE_MEMORY_H 1
| #define HAVE_STRINGS_H 1
| #define HAVE_INTTYPES_H 1
| #define HAVE_STDINT_H 1
| #define HAVE_UNISTD_H 1
| #define __EXTENSIONS__ 1
| #define _ALL_SOURCE 1
| #define _GNU_SOURCE 1
| #define _POSIX_PTHREAD_SEMANTICS 1
| #define _TANDEM_SOURCE 1
| #define UCC_CONFIGURE_FLAGS "--prefix=/home/pj24001791/ku40000464/openucc/ucc-install-path --with-ucx=/home/app/hpcx/2.20.0/ucx"
| #define PACKAGE "ucc"
| #define VERSION "1.3"
| #define HAVE_DLFCN_H 1
| #define LT_OBJDIR ".libs/"
| /* end confdefs.h.  */
| #include <ac_nonexistent.h>
configure:14453: checking for ld used by g++
configure:14520: result: /usr/bin/ld -m elf_x86_64
configure:14527: checking if the linker (/usr/bin/ld -m elf_x86_64) is GNU ld
configure:14542: result: yes
configure:14597: checking whether the g++ linker (/usr/bin/ld -m elf_x86_64) supports shared libraries
configure:15670: result: yes
configure:15706: g++ -c   conftest.cpp >&5
configure:15709: $? = 0
configure:16190: checking for g++ option to produce PIC
configure:16197: result: -fPIC -DPIC
configure:16205: checking if g++ PIC flag -fPIC -DPIC works
configure:16223: g++ -c   -fPIC -DPIC -DPIC conftest.cpp >&5
configure:16227: $? = 0
configure:16240: result: yes
configure:16263: checking if g++ static flag -static works
configure:16291: result: no
configure:16303: checking if g++ supports -c -o file.o
configure:16324: g++ -c   -o out/conftest2.o conftest.cpp >&5
configure:16328: $? = 0
configure:16350: result: yes
configure:16355: checking if g++ supports -c -o file.o
configure:16402: result: yes
configure:16432: checking whether the g++ linker (/usr/bin/ld -m elf_x86_64) supports shared libraries
configure:16472: result: yes
configure:16613: checking dynamic linker characteristics
configure:17361: result: GNU/Linux ld.so
configure:17426: checking how to hardcode library paths into programs
configure:17451: result: immediate
configure:17518: checking size of float
configure:17523: gcc -o conftest    conftest.c  >&5
configure:17523: $? = 0
configure:17523: ./conftest
configure:17523: $? = 0
configure:17537: result: 4
configure:17551: checking size of double
configure:17556: gcc -o conftest    conftest.c  >&5
configure:17556: $? = 0
configure:17556: ./conftest
configure:17556: $? = 0
configure:17570: result: 8
configure:17584: checking size of long double
configure:17589: gcc -o conftest    conftest.c  >&5
configure:17589: $? = 0
configure:17589: ./conftest
configure:17589: $? = 0
configure:17603: result: 16
configure:17617: checking size of float _Complex
configure:17622: gcc -o conftest    conftest.c  >&5
configure:17622: $? = 0
configure:17622: ./conftest
configure:17622: $? = 0
configure:17636: result: 8
configure:17650: checking size of double _Complex
configure:17655: gcc -o conftest    conftest.c  >&5
configure:17655: $? = 0
configure:17655: ./conftest
configure:17655: $? = 0
configure:17669: result: 16
configure:17683: checking size of long double _Complex
configure:17688: gcc -o conftest    conftest.c  >&5
configure:17688: $? = 0
configure:17688: ./conftest
configure:17688: $? = 0
configure:17702: result: 32
configure:17715: checking if ln -s supports --relative
configure:17718: result: yes
configure:18226: checking for doxygen
configure:18259: result: no
configure:18279: WARNING: doxygen not found - will not generate any doxygen documentation
configure:18290: WARNING: doxygen version  is bad. Required version: 1.8.6 and above
configure:18350: checking for perl
configure:18368: found /usr/bin/perl
configure:18380: result: /usr/bin/perl
configure:20187: checking for size_t
configure:20187: gcc -c   conftest.c >&5
configure:20187: $? = 0
configure:20187: gcc -c   conftest.c >&5
conftest.c: In function 'main':
conftest.c:72:21: error: expected expression before ')' token
 if (sizeof ((size_t)))
                     ^
configure:20187: $? = 1
configure: failed program was:
| /* confdefs.h */
| #define PACKAGE_NAME "ucc"
| #define PACKAGE_TARNAME "ucc"
| #define PACKAGE_VERSION "1.3"
| #define PACKAGE_STRING "ucc 1.3"
| #define PACKAGE_BUGREPORT ""
| #define PACKAGE_URL ""
| #define STDC_HEADERS 1
| #define HAVE_SYS_TYPES_H 1
| #define HAVE_SYS_STAT_H 1
| #define HAVE_STDLIB_H 1
| #define HAVE_STRING_H 1
| #define HAVE_MEMORY_H 1
| #define HAVE_STRINGS_H 1
| #define HAVE_INTTYPES_H 1
| #define HAVE_STDINT_H 1
| #define HAVE_UNISTD_H 1
| #define __EXTENSIONS__ 1
| #define _ALL_SOURCE 1
| #define _GNU_SOURCE 1
| #define _POSIX_PTHREAD_SEMANTICS 1
| #define _TANDEM_SOURCE 1
| #define UCC_CONFIGURE_FLAGS "--prefix=/home/pj24001791/ku40000464/openucc/ucc-install-path --with-ucx=/home/app/hpcx/2.20.0/ucx"
| #define PACKAGE "ucc"
| #define VERSION "1.3"
| #define HAVE_DLFCN_H 1
| #define LT_OBJDIR ".libs/"
| #define SIZEOF_FLOAT 4
| #define SIZEOF_DOUBLE 8
| #define SIZEOF_LONG_DOUBLE 16
| #define SIZEOF_FLOAT__COMPLEX 8
| #define SIZEOF_DOUBLE__COMPLEX 16
| #define SIZEOF_LONG_DOUBLE__COMPLEX 32
| #define UCC_MODULE_SUBDIR "ucc"
| /* end confdefs.h.  */
| #include <stdio.h>
| #ifdef HAVE_SYS_TYPES_H
| # include <sys/types.h>
| #endif
| #ifdef HAVE_SYS_STAT_H
| # include <sys/stat.h>
| #endif
| #ifdef STDC_HEADERS
| # include <stdlib.h>
| # include <stddef.h>
| #else
| # ifdef HAVE_STDLIB_H
| #  include <stdlib.h>
| # endif
| #endif
| #ifdef HAVE_STRING_H
| # if !defined STDC_HEADERS && defined HAVE_MEMORY_H
| #  include <memory.h>
| # endif
| # include <string.h>
| #endif
| #ifdef HAVE_STRINGS_H
| # include <strings.h>
| #endif
| #ifdef HAVE_INTTYPES_H
| # include <inttypes.h>
| #endif
| #ifdef HAVE_STDINT_H
| # include <stdint.h>
| #endif
| #ifdef HAVE_UNISTD_H
| # include <unistd.h>
| #endif
| int
| main ()
| {
| if (sizeof ((size_t)))
| 	    return 0;
|   ;
|   return 0;
| }
configure:20187: result: yes
configure:20520: checking compiler flag -diag-error 10006
configure:20530: gcc -c -Wall -Werror  -diag-error 10006  conftest.c >&5
gcc: error: 10006: No such file or directory
configure:20530: $? = 1
configure: failed program was:
| /* confdefs.h */
| #define PACKAGE_NAME "ucc"
| #define PACKAGE_TARNAME "ucc"
| #define PACKAGE_VERSION "1.3"
| #define PACKAGE_STRING "ucc 1.3"
| #define PACKAGE_BUGREPORT ""
| #define PACKAGE_URL ""
| #define STDC_HEADERS 1
| #define HAVE_SYS_TYPES_H 1
| #define HAVE_SYS_STAT_H 1
| #define HAVE_STDLIB_H 1
| #define HAVE_STRING_H 1
| #define HAVE_MEMORY_H 1
| #define HAVE_STRINGS_H 1
| #define HAVE_INTTYPES_H 1
| #define HAVE_STDINT_H 1
| #define HAVE_UNISTD_H 1
| #define __EXTENSIONS__ 1
| #define _ALL_SOURCE 1
| #define _GNU_SOURCE 1
| #define _POSIX_PTHREAD_SEMANTICS 1
| #define _TANDEM_SOURCE 1
| #define UCC_CONFIGURE_FLAGS "--prefix=/home/pj24001791/ku40000464/openucc/ucc-install-path --with-ucx=/home/app/hpcx/2.20.0/ucx"
| #define PACKAGE "ucc"
| #define VERSION "1.3"
| #define HAVE_DLFCN_H 1
| #define LT_OBJDIR ".libs/"
| #define SIZEOF_FLOAT 4
| #define SIZEOF_DOUBLE 8
| #define SIZEOF_LONG_DOUBLE 16
| #define SIZEOF_FLOAT__COMPLEX 8
| #define SIZEOF_DOUBLE__COMPLEX 16
| #define SIZEOF_LONG_DOUBLE__COMPLEX 32
| #define UCC_MODULE_SUBDIR "ucc"
| /* end confdefs.h.  */
| int main(int argc, char** argv){return 0;}
configure:20538: result: no
configure:20547: checking compiler flag -diag-error 10148
configure:20557: gcc -c -Wall -Werror  -diag-error 10148  conftest.c >&5
gcc: error: 10148: No such file or directory
configure:20557: $? = 1
configure: failed program was:
| /* confdefs.h */
| #define PACKAGE_NAME "ucc"
| #define PACKAGE_TARNAME "ucc"
| #define PACKAGE_VERSION "1.3"
| #define PACKAGE_STRING "ucc 1.3"
| #define PACKAGE_BUGREPORT ""
| #define PACKAGE_URL ""
| #define STDC_HEADERS 1
| #define HAVE_SYS_TYPES_H 1
| #define HAVE_SYS_STAT_H 1
| #define HAVE_STDLIB_H 1
| #define HAVE_STRING_H 1
| #define HAVE_MEMORY_H 1
| #define HAVE_STRINGS_H 1
| #define HAVE_INTTYPES_H 1
| #define HAVE_STDINT_H 1
| #define HAVE_UNISTD_H 1
| #define __EXTENSIONS__ 1
| #define _ALL_SOURCE 1
| #define _GNU_SOURCE 1
| #define _POSIX_PTHREAD_SEMANTICS 1
| #define _TANDEM_SOURCE 1
| #define UCC_CONFIGURE_FLAGS "--prefix=/home/pj24001791/ku40000464/openucc/ucc-install-path --with-ucx=/home/app/hpcx/2.20.0/ucx"
| #define PACKAGE "ucc"
| #define VERSION "1.3"
| #define HAVE_DLFCN_H 1
| #define LT_OBJDIR ".libs/"
| #define SIZEOF_FLOAT 4
| #define SIZEOF_DOUBLE 8
| #define SIZEOF_LONG_DOUBLE 16
| #define SIZEOF_FLOAT__COMPLEX 8
| #define SIZEOF_DOUBLE__COMPLEX 16
| #define SIZEOF_LONG_DOUBLE__COMPLEX 32
| #define UCC_MODULE_SUBDIR "ucc"
| /* end confdefs.h.  */
| int main(int argc, char** argv){return 0;}
configure:20565: result: no
configure:20576: checking whether -diag-disable 1478 overrides deprecated declarations
configure:20587: gcc -c -Wall -Werror  -diag-disable 1478  conftest.c >&5
gcc: error: 1478: No such file or directory
configure:20587: $? = 1
configure: failed program was:
| /* confdefs.h */
| #define PACKAGE_NAME "ucc"
| #define PACKAGE_TARNAME "ucc"
| #define PACKAGE_VERSION "1.3"
| #define PACKAGE_STRING "ucc 1.3"
| #define PACKAGE_BUGREPORT ""
| #define PACKAGE_URL ""
| #define STDC_HEADERS 1
| #define HAVE_SYS_TYPES_H 1
| #define HAVE_SYS_STAT_H 1
| #define HAVE_STDLIB_H 1
| #define HAVE_STRING_H 1
| #define HAVE_MEMORY_H 1
| #define HAVE_STRINGS_H 1
| #define HAVE_INTTYPES_H 1
| #define HAVE_STDINT_H 1
| #define HAVE_UNISTD_H 1
| #define __EXTENSIONS__ 1
| #define _ALL_SOURCE 1
| #define _GNU_SOURCE 1
| #define _POSIX_PTHREAD_SEMANTICS 1
| #define _TANDEM_SOURCE 1
| #define UCC_CONFIGURE_FLAGS "--prefix=/home/pj24001791/ku40000464/openucc/ucc-install-path --with-ucx=/home/app/hpcx/2.20.0/ucx"
| #define PACKAGE "ucc"
| #define VERSION "1.3"
| #define HAVE_DLFCN_H 1
| #define LT_OBJDIR ".libs/"
| #define SIZEOF_FLOAT 4
| #define SIZEOF_DOUBLE 8
| #define SIZEOF_LONG_DOUBLE 16
| #define SIZEOF_FLOAT__COMPLEX 8
| #define SIZEOF_DOUBLE__COMPLEX 16
| #define SIZEOF_LONG_DOUBLE__COMPLEX 32
| #define UCC_MODULE_SUBDIR "ucc"
| /* end confdefs.h.  */
| 
|                                   int __attribute__ ((__deprecated__)) f() { return 0; }
|                                   int main(int argc, char** argv) { return f(); }
| 
configure:20592: result: no
configure:20599: checking whether -Wno-deprecated-declarations overrides deprecated declarations
configure:20610: gcc -c -Wall -Werror  -Wno-deprecated-declarations  conftest.c >&5
configure:20610: $? = 0
configure:20611: result: yes
configure:20630: checking compiler flag -diag-disable 269
configure:20647: gcc -c -Wall -Werror  -diag-disable 269  conftest.c >&5
gcc: error: 269: No such file or directory
configure:20647: $? = 1
configure: failed program was:
| /* confdefs.h */
| #define PACKAGE_NAME "ucc"
| #define PACKAGE_TARNAME "ucc"
| #define PACKAGE_VERSION "1.3"
| #define PACKAGE_STRING "ucc 1.3"
| #define PACKAGE_BUGREPORT ""
| #define PACKAGE_URL ""
| #define STDC_HEADERS 1
| #define HAVE_SYS_TYPES_H 1
| #define HAVE_SYS_STAT_H 1
| #define HAVE_STDLIB_H 1
| #define HAVE_STRING_H 1
| #define HAVE_MEMORY_H 1
| #define HAVE_STRINGS_H 1
| #define HAVE_INTTYPES_H 1
| #define HAVE_STDINT_H 1
| #define HAVE_UNISTD_H 1
| #define __EXTENSIONS__ 1
| #define _ALL_SOURCE 1
| #define _GNU_SOURCE 1
| #define _POSIX_PTHREAD_SEMANTICS 1
| #define _TANDEM_SOURCE 1
| #define UCC_CONFIGURE_FLAGS "--prefix=/home/pj24001791/ku40000464/openucc/ucc-install-path --with-ucx=/home/app/hpcx/2.20.0/ucx"
| #define PACKAGE "ucc"
| #define VERSION "1.3"
| #define HAVE_DLFCN_H 1
| #define LT_OBJDIR ".libs/"
| #define SIZEOF_FLOAT 4
| #define SIZEOF_DOUBLE 8
| #define SIZEOF_LONG_DOUBLE 16
| #define SIZEOF_FLOAT__COMPLEX 8
| #define SIZEOF_DOUBLE__COMPLEX 16
| #define SIZEOF_LONG_DOUBLE__COMPLEX 32
| #define UCC_MODULE_SUBDIR "ucc"
| /* end confdefs.h.  */
| #include <stdlib.h>
|                                                  #include <stdio.h>
|                                                  int main(int argc, char** argv) {
|                                                      char *p = NULL;
|                                                      scanf("%m[^.]", &p);
|                                                      free(p);
|                                                      return 0;
|                                                  }
configure:20655: result: no
configure:20911: Detected CPU implementation: 
configure:20913: Detected CPU architecture: 
configure:20915: Detected CPU variant: 
configure:20917: Detected CPU part: 
configure:21163: gcc -c -Wall -Werror   conftest.c >&5
configure:21163: $? = 0
configure:21173: checking for __attribute__(optimize)
configure:21175: result: 1
configure:21235: checking compiler flag -funwind-tables
configure:21245: gcc -c -Wall -Werror  -funwind-tables  conftest.c >&5
configure:21245: $? = 0
configure:21246: result: yes
configure:21251: compiling with unwind tables
configure:21269: checking if g++ works
configure:21292: g++ -c   conftest.cpp >&5
configure:21292: $? = 0
configure:21293: result: yes
configure:21311: checking c++11 support
configure:21331: g++ -c  -std=c++11  conftest.cpp >&5
configure:21331: $? = 0
configure:21332: result: yes
configure:21362: checking gnu++11 support
configure:21385: g++ -c  -std=gnu++11  conftest.cpp >&5
configure:21385: $? = 0
configure:21386: result: yes
configure:21406: checking whether _GLIBCXX_NOTHROW is declared
configure:21406: g++ -c   conftest.cpp >&5
configure:21406: $? = 0
configure:21406: result: yes
configure:21444: checking compiler flag --display_error_number
configure:21454: gcc -c -Wall -Werror -funwind-tables  --display_error_number  conftest.c >&5
gcc: error: unrecognized command line option '--display_error_number'
configure:21454: $? = 1
configure: failed program was:
| /* confdefs.h */
| #define PACKAGE_NAME "ucc"
| #define PACKAGE_TARNAME "ucc"
| #define PACKAGE_VERSION "1.3"
| #define PACKAGE_STRING "ucc 1.3"
| #define PACKAGE_BUGREPORT ""
| #define PACKAGE_URL ""
| #define STDC_HEADERS 1
| #define HAVE_SYS_TYPES_H 1
| #define HAVE_SYS_STAT_H 1
| #define HAVE_STDLIB_H 1
| #define HAVE_STRING_H 1
| #define HAVE_MEMORY_H 1
| #define HAVE_STRINGS_H 1
| #define HAVE_INTTYPES_H 1
| #define HAVE_STDINT_H 1
| #define HAVE_UNISTD_H 1
| #define __EXTENSIONS__ 1
| #define _ALL_SOURCE 1
| #define _GNU_SOURCE 1
| #define _POSIX_PTHREAD_SEMANTICS 1
| #define _TANDEM_SOURCE 1
| #define UCC_CONFIGURE_FLAGS "--prefix=/home/pj24001791/ku40000464/openucc/ucc-install-path --with-ucx=/home/app/hpcx/2.20.0/ucx"
| #define PACKAGE "ucc"
| #define VERSION "1.3"
| #define HAVE_DLFCN_H 1
| #define LT_OBJDIR ".libs/"
| #define SIZEOF_FLOAT 4
| #define SIZEOF_DOUBLE 8
| #define SIZEOF_LONG_DOUBLE 16
| #define SIZEOF_FLOAT__COMPLEX 8
| #define SIZEOF_DOUBLE__COMPLEX 16
| #define SIZEOF_LONG_DOUBLE__COMPLEX 32
| #define UCC_MODULE_SUBDIR "ucc"
| #define HAVE_ATTRIBUTE_NOOPTIMIZE 1
| /* end confdefs.h.  */
| int main(int argc, char **argv){return 0;}
configure:21462: result: no
configure:21472: checking compiler flag --diag_suppress 181
configure:21482: gcc -c -Wall -Werror -funwind-tables  --diag_suppress 181  conftest.c >&5
gcc: error: 181: No such file or directory
gcc: error: unrecognized command line option '--diag_suppress'
configure:21482: $? = 1
configure: failed program was:
| /* confdefs.h */
| #define PACKAGE_NAME "ucc"
| #define PACKAGE_TARNAME "ucc"
| #define PACKAGE_VERSION "1.3"
| #define PACKAGE_STRING "ucc 1.3"
| #define PACKAGE_BUGREPORT ""
| #define PACKAGE_URL ""
| #define STDC_HEADERS 1
| #define HAVE_SYS_TYPES_H 1
| #define HAVE_SYS_STAT_H 1
| #define HAVE_STDLIB_H 1
| #define HAVE_STRING_H 1
| #define HAVE_MEMORY_H 1
| #define HAVE_STRINGS_H 1
| #define HAVE_INTTYPES_H 1
| #define HAVE_STDINT_H 1
| #define HAVE_UNISTD_H 1
| #define __EXTENSIONS__ 1
| #define _ALL_SOURCE 1
| #define _GNU_SOURCE 1
| #define _POSIX_PTHREAD_SEMANTICS 1
| #define _TANDEM_SOURCE 1
| #define UCC_CONFIGURE_FLAGS "--prefix=/home/pj24001791/ku40000464/openucc/ucc-install-path --with-ucx=/home/app/hpcx/2.20.0/ucx"
| #define PACKAGE "ucc"
| #define VERSION "1.3"
| #define HAVE_DLFCN_H 1
| #define LT_OBJDIR ".libs/"
| #define SIZEOF_FLOAT 4
| #define SIZEOF_DOUBLE 8
| #define SIZEOF_LONG_DOUBLE 16
| #define SIZEOF_FLOAT__COMPLEX 8
| #define SIZEOF_DOUBLE__COMPLEX 16
| #define SIZEOF_LONG_DOUBLE__COMPLEX 32
| #define UCC_MODULE_SUBDIR "ucc"
| #define HAVE_ATTRIBUTE_NOOPTIMIZE 1
| /* end confdefs.h.  */
| int main(int argc, char **argv){return 0;}
configure:21490: result: no
configure:21500: checking compiler flag --diag_suppress 381
configure:21510: gcc -c -Wall -Werror -funwind-tables  --diag_suppress 381  conftest.c >&5
gcc: error: 381: No such file or directory
gcc: error: unrecognized command line option '--diag_suppress'
configure:21510: $? = 1
configure: failed program was:
| /* confdefs.h */
| #define PACKAGE_NAME "ucc"
| #define PACKAGE_TARNAME "ucc"
| #define PACKAGE_VERSION "1.3"
| #define PACKAGE_STRING "ucc 1.3"
| #define PACKAGE_BUGREPORT ""
| #define PACKAGE_URL ""
| #define STDC_HEADERS 1
| #define HAVE_SYS_TYPES_H 1
| #define HAVE_SYS_STAT_H 1
| #define HAVE_STDLIB_H 1
| #define HAVE_STRING_H 1
| #define HAVE_MEMORY_H 1
| #define HAVE_STRINGS_H 1
| #define HAVE_INTTYPES_H 1
| #define HAVE_STDINT_H 1
| #define HAVE_UNISTD_H 1
| #define __EXTENSIONS__ 1
| #define _ALL_SOURCE 1
| #define _GNU_SOURCE 1
| #define _POSIX_PTHREAD_SEMANTICS 1
| #define _TANDEM_SOURCE 1
| #define UCC_CONFIGURE_FLAGS "--prefix=/home/pj24001791/ku40000464/openucc/ucc-install-path --with-ucx=/home/app/hpcx/2.20.0/ucx"
| #define PACKAGE "ucc"
| #define VERSION "1.3"
| #define HAVE_DLFCN_H 1
| #define LT_OBJDIR ".libs/"
| #define SIZEOF_FLOAT 4
| #define SIZEOF_DOUBLE 8
| #define SIZEOF_LONG_DOUBLE 16
| #define SIZEOF_FLOAT__COMPLEX 8
| #define SIZEOF_DOUBLE__COMPLEX 16
| #define SIZEOF_LONG_DOUBLE__COMPLEX 32
| #define UCC_MODULE_SUBDIR "ucc"
| #define HAVE_ATTRIBUTE_NOOPTIMIZE 1
| /* end confdefs.h.  */
| int main(int argc, char **argv){return 0;}
configure:21518: result: no
configure:21528: checking compiler flag --diag_suppress 1215
configure:21538: gcc -c -Wall -Werror -funwind-tables  --diag_suppress 1215  conftest.c >&5
gcc: error: 1215: No such file or directory
gcc: error: unrecognized command line option '--diag_suppress'
configure:21538: $? = 1
configure: failed program was:
| /* confdefs.h */
| #define PACKAGE_NAME "ucc"
| #define PACKAGE_TARNAME "ucc"
| #define PACKAGE_VERSION "1.3"
| #define PACKAGE_STRING "ucc 1.3"
| #define PACKAGE_BUGREPORT ""
| #define PACKAGE_URL ""
| #define STDC_HEADERS 1
| #define HAVE_SYS_TYPES_H 1
| #define HAVE_SYS_STAT_H 1
| #define HAVE_STDLIB_H 1
| #define HAVE_STRING_H 1
| #define HAVE_MEMORY_H 1
| #define HAVE_STRINGS_H 1
| #define HAVE_INTTYPES_H 1
| #define HAVE_STDINT_H 1
| #define HAVE_UNISTD_H 1
| #define __EXTENSIONS__ 1
| #define _ALL_SOURCE 1
| #define _GNU_SOURCE 1
| #define _POSIX_PTHREAD_SEMANTICS 1
| #define _TANDEM_SOURCE 1
| #define UCC_CONFIGURE_FLAGS "--prefix=/home/pj24001791/ku40000464/openucc/ucc-install-path --with-ucx=/home/app/hpcx/2.20.0/ucx"
| #define PACKAGE "ucc"
| #define VERSION "1.3"
| #define HAVE_DLFCN_H 1
| #define LT_OBJDIR ".libs/"
| #define SIZEOF_FLOAT 4
| #define SIZEOF_DOUBLE 8
| #define SIZEOF_LONG_DOUBLE 16
| #define SIZEOF_FLOAT__COMPLEX 8
| #define SIZEOF_DOUBLE__COMPLEX 16
| #define SIZEOF_LONG_DOUBLE__COMPLEX 32
| #define UCC_MODULE_SUBDIR "ucc"
| #define HAVE_ATTRIBUTE_NOOPTIMIZE 1
| /* end confdefs.h.  */
| int main(int argc, char **argv){return 0;}
configure:21546: result: no
configure:21556: checking compiler flag --diag_suppress 1901
configure:21566: gcc -c -Wall -Werror -funwind-tables  --diag_suppress 1901  conftest.c >&5
gcc: error: 1901: No such file or directory
gcc: error: unrecognized command line option '--diag_suppress'
configure:21566: $? = 1
configure: failed program was:
| /* confdefs.h */
| #define PACKAGE_NAME "ucc"
| #define PACKAGE_TARNAME "ucc"
| #define PACKAGE_VERSION "1.3"
| #define PACKAGE_STRING "ucc 1.3"
| #define PACKAGE_BUGREPORT ""
| #define PACKAGE_URL ""
| #define STDC_HEADERS 1
| #define HAVE_SYS_TYPES_H 1
| #define HAVE_SYS_STAT_H 1
| #define HAVE_STDLIB_H 1
| #define HAVE_STRING_H 1
| #define HAVE_MEMORY_H 1
| #define HAVE_STRINGS_H 1
| #define HAVE_INTTYPES_H 1
| #define HAVE_STDINT_H 1
| #define HAVE_UNISTD_H 1
| #define __EXTENSIONS__ 1
| #define _ALL_SOURCE 1
| #define _GNU_SOURCE 1
| #define _POSIX_PTHREAD_SEMANTICS 1
| #define _TANDEM_SOURCE 1
| #define UCC_CONFIGURE_FLAGS "--prefix=/home/pj24001791/ku40000464/openucc/ucc-install-path --with-ucx=/home/app/hpcx/2.20.0/ucx"
| #define PACKAGE "ucc"
| #define VERSION "1.3"
| #define HAVE_DLFCN_H 1
| #define LT_OBJDIR ".libs/"
| #define SIZEOF_FLOAT 4
| #define SIZEOF_DOUBLE 8
| #define SIZEOF_LONG_DOUBLE 16
| #define SIZEOF_FLOAT__COMPLEX 8
| #define SIZEOF_DOUBLE__COMPLEX 16
| #define SIZEOF_LONG_DOUBLE__COMPLEX 32
| #define UCC_MODULE_SUBDIR "ucc"
| #define HAVE_ATTRIBUTE_NOOPTIMIZE 1
| /* end confdefs.h.  */
| int main(int argc, char **argv){return 0;}
configure:21574: result: no
configure:21584: checking compiler flag --diag_suppress 1902
configure:21594: gcc -c -Wall -Werror -funwind-tables  --diag_suppress 1902  conftest.c >&5
gcc: error: 1902: No such file or directory
gcc: error: unrecognized command line option '--diag_suppress'
configure:21594: $? = 1
configure: failed program was:
| /* confdefs.h */
| #define PACKAGE_NAME "ucc"
| #define PACKAGE_TARNAME "ucc"
| #define PACKAGE_VERSION "1.3"
| #define PACKAGE_STRING "ucc 1.3"
| #define PACKAGE_BUGREPORT ""
| #define PACKAGE_URL ""
| #define STDC_HEADERS 1
| #define HAVE_SYS_TYPES_H 1
| #define HAVE_SYS_STAT_H 1
| #define HAVE_STDLIB_H 1
| #define HAVE_STRING_H 1
| #define HAVE_MEMORY_H 1
| #define HAVE_STRINGS_H 1
| #define HAVE_INTTYPES_H 1
| #define HAVE_STDINT_H 1
| #define HAVE_UNISTD_H 1
| #define __EXTENSIONS__ 1
| #define _ALL_SOURCE 1
| #define _GNU_SOURCE 1
| #define _POSIX_PTHREAD_SEMANTICS 1
| #define _TANDEM_SOURCE 1
| #define UCC_CONFIGURE_FLAGS "--prefix=/home/pj24001791/ku40000464/openucc/ucc-install-path --with-ucx=/home/app/hpcx/2.20.0/ucx"
| #define PACKAGE "ucc"
| #define VERSION "1.3"
| #define HAVE_DLFCN_H 1
| #define LT_OBJDIR ".libs/"
| #define SIZEOF_FLOAT 4
| #define SIZEOF_DOUBLE 8
| #define SIZEOF_LONG_DOUBLE 16
| #define SIZEOF_FLOAT__COMPLEX 8
| #define SIZEOF_DOUBLE__COMPLEX 16
| #define SIZEOF_LONG_DOUBLE__COMPLEX 32
| #define UCC_MODULE_SUBDIR "ucc"
| #define HAVE_ATTRIBUTE_NOOPTIMIZE 1
| /* end confdefs.h.  */
| int main(int argc, char **argv){return 0;}
configure:21602: result: no
configure:21612: checking compiler flag --diag_suppress 301
configure:21622: gcc -c -Wall -Werror -funwind-tables  --diag_suppress 301  conftest.c >&5
gcc: error: 301: No such file or directory
gcc: error: unrecognized command line option '--diag_suppress'
configure:21622: $? = 1
configure: failed program was:
| /* confdefs.h */
| #define PACKAGE_NAME "ucc"
| #define PACKAGE_TARNAME "ucc"
| #define PACKAGE_VERSION "1.3"
| #define PACKAGE_STRING "ucc 1.3"
| #define PACKAGE_BUGREPORT ""
| #define PACKAGE_URL ""
| #define STDC_HEADERS 1
| #define HAVE_SYS_TYPES_H 1
| #define HAVE_SYS_STAT_H 1
| #define HAVE_STDLIB_H 1
| #define HAVE_STRING_H 1
| #define HAVE_MEMORY_H 1
| #define HAVE_STRINGS_H 1
| #define HAVE_INTTYPES_H 1
| #define HAVE_STDINT_H 1
| #define HAVE_UNISTD_H 1
| #define __EXTENSIONS__ 1
| #define _ALL_SOURCE 1
| #define _GNU_SOURCE 1
| #define _POSIX_PTHREAD_SEMANTICS 1
| #define _TANDEM_SOURCE 1
| #define UCC_CONFIGURE_FLAGS "--prefix=/home/pj24001791/ku40000464/openucc/ucc-install-path --with-ucx=/home/app/hpcx/2.20.0/ucx"
| #define PACKAGE "ucc"
| #define VERSION "1.3"
| #define HAVE_DLFCN_H 1
| #define LT_OBJDIR ".libs/"
| #define SIZEOF_FLOAT 4
| #define SIZEOF_DOUBLE 8
| #define SIZEOF_LONG_DOUBLE 16
| #define SIZEOF_FLOAT__COMPLEX 8
| #define SIZEOF_DOUBLE__COMPLEX 16
| #define SIZEOF_LONG_DOUBLE__COMPLEX 32
| #define UCC_MODULE_SUBDIR "ucc"
| #define HAVE_ATTRIBUTE_NOOPTIMIZE 1
| /* end confdefs.h.  */
| int main(int argc, char **argv){return 0;}
configure:21630: result: no
configure:21646: checking compiler flag -pedantic
configure:21656: gcc -c -Wall -Werror -funwind-tables  -pedantic  conftest.c >&5
configure:21656: $? = 0
configure:21657: result: yes
configure:21679: checking compiler flag -Wno-missing-field-initializers
configure:21689: gcc -c -Wall -Werror -funwind-tables  -Wno-missing-field-initializers  conftest.c >&5
configure:21689: $? = 0
configure:21690: result: yes
configure:21707: checking compiler flag -Wno-unused-parameter
configure:21717: gcc -c -Wall -Werror -funwind-tables -Wno-missing-field-initializers  -Wno-unused-parameter  conftest.c >&5
configure:21717: $? = 0
configure:21718: result: yes
configure:21735: checking compiler flag -Wno-long-long
configure:21745: gcc -c -Wall -Werror -funwind-tables -Wno-missing-field-initializers -Wno-unused-parameter  -Wno-long-long  conftest.c >&5
configure:21745: $? = 0
configure:21746: result: yes
configure:21763: checking compiler flag -Wno-endif-labels
configure:21773: gcc -c -Wall -Werror -funwind-tables -Wno-missing-field-initializers -Wno-unused-parameter -Wno-long-long  -Wno-endif-labels  conftest.c >&5
configure:21773: $? = 0
configure:21774: result: yes
configure:21791: checking compiler flag -Wno-sign-compare
configure:21801: gcc -c -Wall -Werror -funwind-tables -Wno-missing-field-initializers -Wno-unused-parameter -Wno-long-long -Wno-endif-labels  -Wno-sign-compare  conftest.c >&5
configure:21801: $? = 0
configure:21802: result: yes
configure:21819: checking compiler flag -Wno-multichar
configure:21829: gcc -c -Wall -Werror -funwind-tables -Wno-missing-field-initializers -Wno-unused-parameter -Wno-long-long -Wno-endif-labels -Wno-sign-compare  -Wno-multichar  conftest.c >&5
configure:21829: $? = 0
configure:21830: result: yes
configure:21847: checking compiler flag -Wno-deprecated-declarations
configure:21857: gcc -c -Wall -Werror -funwind-tables -Wno-missing-field-initializers -Wno-unused-parameter -Wno-long-long -Wno-endif-labels -Wno-sign-compare -Wno-multichar  -Wno-deprecated-declarations  conftest.c >&5
configure:21857: $? = 0
configure:21858: result: yes
configure:21875: checking compiler flag -Winvalid-pch
configure:21885: gcc -c -Wall -Werror -funwind-tables -Wno-missing-field-initializers -Wno-unused-parameter -Wno-long-long -Wno-endif-labels -Wno-sign-compare -Wno-multichar -Wno-deprecated-declarations  -Winvalid-pch  conftest.c >&5
configure:21885: $? = 0
configure:21886: result: yes
configure:21918: checking compiler flag -Wno-pointer-sign
configure:21928: gcc -c -Wall -Werror -funwind-tables -Wno-missing-field-initializers -Wno-unused-parameter -Wno-long-long -Wno-endif-labels -Wno-sign-compare -Wno-multichar -Wno-deprecated-declarations -Winvalid-pch  -Wno-pointer-sign  conftest.c >&5
configure:21928: $? = 0
configure:21929: result: yes
configure:21946: checking compiler flag -Werror-implicit-function-declaration
configure:21956: gcc -c -Wall -Werror -funwind-tables -Wno-missing-field-initializers -Wno-unused-parameter -Wno-long-long -Wno-endif-labels -Wno-sign-compare -Wno-multichar -Wno-deprecated-declarations -Winvalid-pch -Wno-pointer-sign  -Werror-implicit-function-declaration  conftest.c >&5
configure:21956: $? = 0
configure:21957: result: yes
configure:21974: checking compiler flag -Wnested-externs
configure:21984: gcc -c -Wall -Werror -funwind-tables -Wno-missing-field-initializers -Wno-unused-parameter -Wno-long-long -Wno-endif-labels -Wno-sign-compare -Wno-multichar -Wno-deprecated-declarations -Winvalid-pch -Wno-pointer-sign -Werror-implicit-function-declaration  -Wnested-externs  conftest.c >&5
configure:21984: $? = 0
configure:21985: result: yes
configure:22002: checking compiler flag -Wshadow
configure:22012: gcc -c -Wall -Werror -funwind-tables -Wno-missing-field-initializers -Wno-unused-parameter -Wno-long-long -Wno-endif-labels -Wno-sign-compare -Wno-multichar -Wno-deprecated-declarations -Winvalid-pch -Wno-pointer-sign -Werror-implicit-function-declaration -Wnested-externs  -Wshadow  conftest.c >&5
configure:22012: $? = 0
configure:22013: result: yes
configure:22030: checking compiler flag -Wenum-conversion
configure:22040: gcc -c -Wall -Werror -funwind-tables -Wno-missing-field-initializers -Wno-unused-parameter -Wno-long-long -Wno-endif-labels -Wno-sign-compare -Wno-multichar -Wno-deprecated-declarations -Winvalid-pch -Wno-pointer-sign -Werror-implicit-function-declaration -Wnested-externs -Wshadow  -Wenum-conversion  conftest.c >&5
gcc: error: unrecognized command line option '-Wenum-conversion'; did you mean '-Wno-conversion'?
configure:22040: $? = 1
configure: failed program was:
| /* confdefs.h */
| #define PACKAGE_NAME "ucc"
| #define PACKAGE_TARNAME "ucc"
| #define PACKAGE_VERSION "1.3"
| #define PACKAGE_STRING "ucc 1.3"
| #define PACKAGE_BUGREPORT ""
| #define PACKAGE_URL ""
| #define STDC_HEADERS 1
| #define HAVE_SYS_TYPES_H 1
| #define HAVE_SYS_STAT_H 1
| #define HAVE_STDLIB_H 1
| #define HAVE_STRING_H 1
| #define HAVE_MEMORY_H 1
| #define HAVE_STRINGS_H 1
| #define HAVE_INTTYPES_H 1
| #define HAVE_STDINT_H 1
| #define HAVE_UNISTD_H 1
| #define __EXTENSIONS__ 1
| #define _ALL_SOURCE 1
| #define _GNU_SOURCE 1
| #define _POSIX_PTHREAD_SEMANTICS 1
| #define _TANDEM_SOURCE 1
| #define UCC_CONFIGURE_FLAGS "--prefix=/home/pj24001791/ku40000464/openucc/ucc-install-path --with-ucx=/home/app/hpcx/2.20.0/ucx"
| #define PACKAGE "ucc"
| #define VERSION "1.3"
| #define HAVE_DLFCN_H 1
| #define LT_OBJDIR ".libs/"
| #define SIZEOF_FLOAT 4
| #define SIZEOF_DOUBLE 8
| #define SIZEOF_LONG_DOUBLE 16
| #define SIZEOF_FLOAT__COMPLEX 8
| #define SIZEOF_DOUBLE__COMPLEX 16
| #define SIZEOF_LONG_DOUBLE__COMPLEX 32
| #define UCC_MODULE_SUBDIR "ucc"
| #define HAVE_ATTRIBUTE_NOOPTIMIZE 1
| /* end confdefs.h.  */
| int main(int argc, char **argv){return 0;}
configure:22048: result: no
configure:22075: checking whether byte ordering is bigendian
configure:22090: gcc -c   conftest.c >&5
conftest.c:38:9: error: unknown type name 'not'
         not a universal capable compiler
         ^~~
conftest.c:38:15: error: expected '=', ',', ';', 'asm' or '__attribute__' before 'universal'
         not a universal capable compiler
               ^~~~~~~~~
conftest.c:38:15: error: unknown type name 'universal'
configure:22090: $? = 1
configure: failed program was:
| /* confdefs.h */
| #define PACKAGE_NAME "ucc"
| #define PACKAGE_TARNAME "ucc"
| #define PACKAGE_VERSION "1.3"
| #define PACKAGE_STRING "ucc 1.3"
| #define PACKAGE_BUGREPORT ""
| #define PACKAGE_URL ""
| #define STDC_HEADERS 1
| #define HAVE_SYS_TYPES_H 1
| #define HAVE_SYS_STAT_H 1
| #define HAVE_STDLIB_H 1
| #define HAVE_STRING_H 1
| #define HAVE_MEMORY_H 1
| #define HAVE_STRINGS_H 1
| #define HAVE_INTTYPES_H 1
| #define HAVE_STDINT_H 1
| #define HAVE_UNISTD_H 1
| #define __EXTENSIONS__ 1
| #define _ALL_SOURCE 1
| #define _GNU_SOURCE 1
| #define _POSIX_PTHREAD_SEMANTICS 1
| #define _TANDEM_SOURCE 1
| #define UCC_CONFIGURE_FLAGS "--prefix=/home/pj24001791/ku40000464/openucc/ucc-install-path --with-ucx=/home/app/hpcx/2.20.0/ucx"
| #define PACKAGE "ucc"
| #define VERSION "1.3"
| #define HAVE_DLFCN_H 1
| #define LT_OBJDIR ".libs/"
| #define SIZEOF_FLOAT 4
| #define SIZEOF_DOUBLE 8
| #define SIZEOF_LONG_DOUBLE 16
| #define SIZEOF_FLOAT__COMPLEX 8
| #define SIZEOF_DOUBLE__COMPLEX 16
| #define SIZEOF_LONG_DOUBLE__COMPLEX 32
| #define UCC_MODULE_SUBDIR "ucc"
| #define HAVE_ATTRIBUTE_NOOPTIMIZE 1
| /* end confdefs.h.  */
| #ifndef __APPLE_CC__
| 	       not a universal capable compiler
| 	     #endif
| 	     typedef int dummy;
| 
configure:22135: gcc -c   conftest.c >&5
configure:22135: $? = 0
configure:22153: gcc -c   conftest.c >&5
conftest.c: In function 'main':
conftest.c:44:4: error: unknown type name 'not'; did you mean 'ino_t'?
    not big endian
    ^~~
    ino_t
conftest.c:44:12: error: expected '=', ',', ';', 'asm' or '__attribute__' before 'endian'
    not big endian
            ^~~~~~
configure:22153: $? = 1
configure: failed program was:
| /* confdefs.h */
| #define PACKAGE_NAME "ucc"
| #define PACKAGE_TARNAME "ucc"
| #define PACKAGE_VERSION "1.3"
| #define PACKAGE_STRING "ucc 1.3"
| #define PACKAGE_BUGREPORT ""
| #define PACKAGE_URL ""
| #define STDC_HEADERS 1
| #define HAVE_SYS_TYPES_H 1
| #define HAVE_SYS_STAT_H 1
| #define HAVE_STDLIB_H 1
| #define HAVE_STRING_H 1
| #define HAVE_MEMORY_H 1
| #define HAVE_STRINGS_H 1
| #define HAVE_INTTYPES_H 1
| #define HAVE_STDINT_H 1
| #define HAVE_UNISTD_H 1
| #define __EXTENSIONS__ 1
| #define _ALL_SOURCE 1
| #define _GNU_SOURCE 1
| #define _POSIX_PTHREAD_SEMANTICS 1
| #define _TANDEM_SOURCE 1
| #define UCC_CONFIGURE_FLAGS "--prefix=/home/pj24001791/ku40000464/openucc/ucc-install-path --with-ucx=/home/app/hpcx/2.20.0/ucx"
| #define PACKAGE "ucc"
| #define VERSION "1.3"
| #define HAVE_DLFCN_H 1
| #define LT_OBJDIR ".libs/"
| #define SIZEOF_FLOAT 4
| #define SIZEOF_DOUBLE 8
| #define SIZEOF_LONG_DOUBLE 16
| #define SIZEOF_FLOAT__COMPLEX 8
| #define SIZEOF_DOUBLE__COMPLEX 16
| #define SIZEOF_LONG_DOUBLE__COMPLEX 32
| #define UCC_MODULE_SUBDIR "ucc"
| #define HAVE_ATTRIBUTE_NOOPTIMIZE 1
| /* end confdefs.h.  */
| #include <sys/types.h>
| 		#include <sys/param.h>
| 
| int
| main ()
| {
| #if BYTE_ORDER != BIG_ENDIAN
| 		 not big endian
| 		#endif
| 
|   ;
|   return 0;
| }
configure:22281: result: no
configure:22317: checking for working alloca.h
configure:22334: gcc -o conftest    conftest.c  >&5
configure:22334: $? = 0
configure:22342: result: yes
configure:22350: checking for alloca
configure:22387: gcc -o conftest    conftest.c  >&5
configure:22387: $? = 0
configure:22395: result: yes
configure:22507: checking for shm_open in -lrt
configure:22532: gcc -o conftest    conftest.c -lrt   >&5
configure:22532: $? = 0
configure:22541: result: yes
configure:22554: checking for timer_create in -lrt
configure:22579: gcc -o conftest    conftest.c -lrt  -lrt  >&5
configure:22579: $? = 0
configure:22588: result: yes
configure:22608: checking libgen.h usability
configure:22608: gcc -c   conftest.c >&5
configure:22608: $? = 0
configure:22608: result: yes
configure:22608: checking libgen.h presence
configure:22608: gcc -E  conftest.c
configure:22608: $? = 0
configure:22608: result: yes
configure:22608: checking for libgen.h
configure:22608: result: yes
configure:22618: checking whether asprintf is declared
configure:22618: gcc -c   conftest.c >&5
configure:22618: $? = 0
configure:22618: result: yes
configure:22640: checking whether basename is declared
configure:22640: gcc -c   conftest.c >&5
configure:22640: $? = 0
configure:22640: result: yes
configure:22662: checking whether fmemopen is declared
configure:22662: gcc -c   conftest.c >&5
configure:22662: $? = 0
configure:22662: result: yes
configure:23212: result: MPI perftest: disabled
configure:23267: checking ucp/api/ucp.h usability
configure:23267: gcc -c  -O3 -g -DNDEBUG -I/home/app/hpcx/2.20.0/ucx/include  conftest.c >&5
configure:23267: $? = 0
configure:23267: result: yes
configure:23267: checking ucp/api/ucp.h presence
configure:23267: gcc -E -I/home/app/hpcx/2.20.0/ucx/include  conftest.c
configure:23267: $? = 0
configure:23267: result: yes
configure:23267: checking for ucp/api/ucp.h
configure:23267: result: yes
configure:23273: checking for ucp_tag_send_nb in -lucp
configure:23298: gcc -o conftest  -O3 -g -DNDEBUG -I/home/app/hpcx/2.20.0/ucx/include  -L/home/app/hpcx/2.20.0/ucx/lib  conftest.c -lucp -luct -lucm -lucs -lrt -lrt  >&5
configure:23298: $? = 0
configure:23307: result: yes
configure:23331: checking ucs/sys/uid.h usability
configure:23331: gcc -c  -O3 -g -DNDEBUG -I/home/app/hpcx/2.20.0/ucx/include  conftest.c >&5
configure:23331: $? = 0
configure:23331: result: yes
configure:23331: checking ucs/sys/uid.h presence
configure:23331: gcc -E -I/home/app/hpcx/2.20.0/ucx/include  conftest.c
configure:23331: $? = 0
configure:23331: result: yes
configure:23331: checking for ucs/sys/uid.h
configure:23331: result: yes
configure:23337: checking for ucs_get_system_id in -lucs
configure:23362: gcc -o conftest  -O3 -g -DNDEBUG -I/home/app/hpcx/2.20.0/ucx/include  -L/home/app/hpcx/2.20.0/ucx/lib  conftest.c -lucs -luct -lucm -lucp -lrt -lrt  >&5
configure:23362: $? = 0
configure:23371: result: yes
configure:23389: gcc -o conftest  -O3 -g -DNDEBUG -I/home/app/hpcx/2.20.0/ucx/include  -L/home/app/hpcx/2.20.0/ucx/lib  conftest.c -lrt -lrt  >&5
configure:23389: $? = 0
configure:23389: ./conftest
configure:23389: $? = 0
configure:23397: gcc -o conftest  -O3 -g -DNDEBUG -I/home/app/hpcx/2.20.0/ucx/include  -L/home/app/hpcx/2.20.0/ucx/lib  conftest.c -lrt -lrt  >&5
configure:23397: $? = 0
configure:23397: ./conftest
configure:23397: $? = 0
configure:23405: result: Detected UCX version: 1.17
configure:23426: result: UCX dir: /home/app/hpcx/2.20.0/ucx
configure:23447: checking for ucs_mpool_params_t.ops
configure:23447: gcc -c  -O3 -g -DNDEBUG -I/home/app/hpcx/2.20.0/ucx/include  conftest.c >&5
configure:23447: $? = 0
configure:23447: result: yes
configure:23456: checking for ucs_config_global_list_entry_t.flags
configure:23456: gcc -c  -O3 -g -DNDEBUG -I/home/app/hpcx/2.20.0/ucx/include  conftest.c >&5
configure:23456: $? = 0
configure:23456: result: yes
configure:23465: checking for ucs_rcache_region_t.alignment
configure:23465: gcc -c  -O3 -g -DNDEBUG -I/home/app/hpcx/2.20.0/ucx/include  conftest.c >&5
configure:23465: $? = 0
configure:23465: result: yes
configure:23483: gcc -c  -O3 -g -DNDEBUG -I/home/app/hpcx/2.20.0/ucx/include  conftest.c >&5
configure:23483: $? = 0
configure:23490: checking for ucs_config_parser_t.doc
configure:23490: gcc -c  -O3 -g -DNDEBUG -I/home/app/hpcx/2.20.0/ucx/include  conftest.c >&5
configure:23490: $? = 0
configure:23490: result: yes
configure:23538: result: UCX support: yes
configure:23597: checking cuda.h usability
configure:23597: gcc -c  -O3 -g -DNDEBUG   conftest.c >&5
conftest.c:89:10: fatal error: cuda.h: No such file or directory
 #include <cuda.h>
          ^~~~~~~~
compilation terminated.
configure:23597: $? = 1
configure: failed program was:
| /* confdefs.h */
| #define PACKAGE_NAME "ucc"
| #define PACKAGE_TARNAME "ucc"
| #define PACKAGE_VERSION "1.3"
| #define PACKAGE_STRING "ucc 1.3"
| #define PACKAGE_BUGREPORT ""
| #define PACKAGE_URL ""
| #define STDC_HEADERS 1
| #define HAVE_SYS_TYPES_H 1
| #define HAVE_SYS_STAT_H 1
| #define HAVE_STDLIB_H 1
| #define HAVE_STRING_H 1
| #define HAVE_MEMORY_H 1
| #define HAVE_STRINGS_H 1
| #define HAVE_INTTYPES_H 1
| #define HAVE_STDINT_H 1
| #define HAVE_UNISTD_H 1
| #define __EXTENSIONS__ 1
| #define _ALL_SOURCE 1
| #define _GNU_SOURCE 1
| #define _POSIX_PTHREAD_SEMANTICS 1
| #define _TANDEM_SOURCE 1
| #define UCC_CONFIGURE_FLAGS "--prefix=/home/pj24001791/ku40000464/openucc/ucc-install-path --with-ucx=/home/app/hpcx/2.20.0/ucx"
| #define PACKAGE "ucc"
| #define VERSION "1.3"
| #define HAVE_DLFCN_H 1
| #define LT_OBJDIR ".libs/"
| #define SIZEOF_FLOAT 4
| #define SIZEOF_DOUBLE 8
| #define SIZEOF_LONG_DOUBLE 16
| #define SIZEOF_FLOAT__COMPLEX 8
| #define SIZEOF_DOUBLE__COMPLEX 16
| #define SIZEOF_LONG_DOUBLE__COMPLEX 32
| #define UCC_MODULE_SUBDIR "ucc"
| #define HAVE_ATTRIBUTE_NOOPTIMIZE 1
| #define UCC_BIG_ENDIAN 0
| #define HAVE_ALLOCA_H 1
| #define HAVE_ALLOCA 1
| #define HAVE_LIBRT 1
| #define HAVE_LIBRT 1
| #define HAVE_LIBGEN_H 1
| #define HAVE_DECL_ASPRINTF 1
| #define HAVE_DECL_BASENAME 1
| #define HAVE_DECL_FMEMOPEN 1
| #define NVALGRIND 1
| #define UCS_MAX_LOG_LEVEL UCS_LOG_LEVEL_DEBUG
| #define HAVE_UCP_API_UCP_H 1
| #define HAVE_UCS_SYS_UID_H 1
| #define HAVE_UCS_GET_SYSTEM_ID 1
| #define UCS_HAVE_MPOOL_PARAMS 1
| #define UCS_HAVE_CONFIG_GLOBAL_LIST_ENTRY_FLAGS 1
| #define UCS_HAVE_RCACHE_REGION_ALIGNMENT 1
| #define UCS_HAVE_PARSER_SET_VALUE_TABLE_PREFIX 1
| #define UCS_HAVE_PARSER_CONFIG_DOC 1
| /* end confdefs.h.  */
| #include <stdio.h>
| #ifdef HAVE_SYS_TYPES_H
| # include <sys/types.h>
| #endif
| #ifdef HAVE_SYS_STAT_H
| # include <sys/stat.h>
| #endif
| #ifdef STDC_HEADERS
| # include <stdlib.h>
| # include <stddef.h>
| #else
| # ifdef HAVE_STDLIB_H
| #  include <stdlib.h>
| # endif
| #endif
| #ifdef HAVE_STRING_H
| # if !defined STDC_HEADERS && defined HAVE_MEMORY_H
| #  include <memory.h>
| # endif
| # include <string.h>
| #endif
| #ifdef HAVE_STRINGS_H
| # include <strings.h>
| #endif
| #ifdef HAVE_INTTYPES_H
| # include <inttypes.h>
| #endif
| #ifdef HAVE_STDINT_H
| # include <stdint.h>
| #endif
| #ifdef HAVE_UNISTD_H
| # include <unistd.h>
| #endif
| #include <cuda.h>
configure:23597: result: no
configure:23597: checking cuda.h presence
configure:23597: gcc -E   conftest.c
conftest.c:56:10: fatal error: cuda.h: No such file or directory
 #include <cuda.h>
          ^~~~~~~~
compilation terminated.
configure:23597: $? = 1
configure: failed program was:
| /* confdefs.h */
| #define PACKAGE_NAME "ucc"
| #define PACKAGE_TARNAME "ucc"
| #define PACKAGE_VERSION "1.3"
| #define PACKAGE_STRING "ucc 1.3"
| #define PACKAGE_BUGREPORT ""
| #define PACKAGE_URL ""
| #define STDC_HEADERS 1
| #define HAVE_SYS_TYPES_H 1
| #define HAVE_SYS_STAT_H 1
| #define HAVE_STDLIB_H 1
| #define HAVE_STRING_H 1
| #define HAVE_MEMORY_H 1
| #define HAVE_STRINGS_H 1
| #define HAVE_INTTYPES_H 1
| #define HAVE_STDINT_H 1
| #define HAVE_UNISTD_H 1
| #define __EXTENSIONS__ 1
| #define _ALL_SOURCE 1
| #define _GNU_SOURCE 1
| #define _POSIX_PTHREAD_SEMANTICS 1
| #define _TANDEM_SOURCE 1
| #define UCC_CONFIGURE_FLAGS "--prefix=/home/pj24001791/ku40000464/openucc/ucc-install-path --with-ucx=/home/app/hpcx/2.20.0/ucx"
| #define PACKAGE "ucc"
| #define VERSION "1.3"
| #define HAVE_DLFCN_H 1
| #define LT_OBJDIR ".libs/"
| #define SIZEOF_FLOAT 4
| #define SIZEOF_DOUBLE 8
| #define SIZEOF_LONG_DOUBLE 16
| #define SIZEOF_FLOAT__COMPLEX 8
| #define SIZEOF_DOUBLE__COMPLEX 16
| #define SIZEOF_LONG_DOUBLE__COMPLEX 32
| #define UCC_MODULE_SUBDIR "ucc"
| #define HAVE_ATTRIBUTE_NOOPTIMIZE 1
| #define UCC_BIG_ENDIAN 0
| #define HAVE_ALLOCA_H 1
| #define HAVE_ALLOCA 1
| #define HAVE_LIBRT 1
| #define HAVE_LIBRT 1
| #define HAVE_LIBGEN_H 1
| #define HAVE_DECL_ASPRINTF 1
| #define HAVE_DECL_BASENAME 1
| #define HAVE_DECL_FMEMOPEN 1
| #define NVALGRIND 1
| #define UCS_MAX_LOG_LEVEL UCS_LOG_LEVEL_DEBUG
| #define HAVE_UCP_API_UCP_H 1
| #define HAVE_UCS_SYS_UID_H 1
| #define HAVE_UCS_GET_SYSTEM_ID 1
| #define UCS_HAVE_MPOOL_PARAMS 1
| #define UCS_HAVE_CONFIG_GLOBAL_LIST_ENTRY_FLAGS 1
| #define UCS_HAVE_RCACHE_REGION_ALIGNMENT 1
| #define UCS_HAVE_PARSER_SET_VALUE_TABLE_PREFIX 1
| #define UCS_HAVE_PARSER_CONFIG_DOC 1
| /* end confdefs.h.  */
| #include <cuda.h>
configure:23597: result: no
configure:23597: checking for cuda.h
configure:23597: result: no
configure:23597: checking cuda_runtime.h usability
configure:23597: gcc -c  -O3 -g -DNDEBUG   conftest.c >&5
conftest.c:89:10: fatal error: cuda_runtime.h: No such file or directory
 #include <cuda_runtime.h>
          ^~~~~~~~~~~~~~~~
compilation terminated.
configure:23597: $? = 1
configure: failed program was:
| /* confdefs.h */
| #define PACKAGE_NAME "ucc"
| #define PACKAGE_TARNAME "ucc"
| #define PACKAGE_VERSION "1.3"
| #define PACKAGE_STRING "ucc 1.3"
| #define PACKAGE_BUGREPORT ""
| #define PACKAGE_URL ""
| #define STDC_HEADERS 1
| #define HAVE_SYS_TYPES_H 1
| #define HAVE_SYS_STAT_H 1
| #define HAVE_STDLIB_H 1
| #define HAVE_STRING_H 1
| #define HAVE_MEMORY_H 1
| #define HAVE_STRINGS_H 1
| #define HAVE_INTTYPES_H 1
| #define HAVE_STDINT_H 1
| #define HAVE_UNISTD_H 1
| #define __EXTENSIONS__ 1
| #define _ALL_SOURCE 1
| #define _GNU_SOURCE 1
| #define _POSIX_PTHREAD_SEMANTICS 1
| #define _TANDEM_SOURCE 1
| #define UCC_CONFIGURE_FLAGS "--prefix=/home/pj24001791/ku40000464/openucc/ucc-install-path --with-ucx=/home/app/hpcx/2.20.0/ucx"
| #define PACKAGE "ucc"
| #define VERSION "1.3"
| #define HAVE_DLFCN_H 1
| #define LT_OBJDIR ".libs/"
| #define SIZEOF_FLOAT 4
| #define SIZEOF_DOUBLE 8
| #define SIZEOF_LONG_DOUBLE 16
| #define SIZEOF_FLOAT__COMPLEX 8
| #define SIZEOF_DOUBLE__COMPLEX 16
| #define SIZEOF_LONG_DOUBLE__COMPLEX 32
| #define UCC_MODULE_SUBDIR "ucc"
| #define HAVE_ATTRIBUTE_NOOPTIMIZE 1
| #define UCC_BIG_ENDIAN 0
| #define HAVE_ALLOCA_H 1
| #define HAVE_ALLOCA 1
| #define HAVE_LIBRT 1
| #define HAVE_LIBRT 1
| #define HAVE_LIBGEN_H 1
| #define HAVE_DECL_ASPRINTF 1
| #define HAVE_DECL_BASENAME 1
| #define HAVE_DECL_FMEMOPEN 1
| #define NVALGRIND 1
| #define UCS_MAX_LOG_LEVEL UCS_LOG_LEVEL_DEBUG
| #define HAVE_UCP_API_UCP_H 1
| #define HAVE_UCS_SYS_UID_H 1
| #define HAVE_UCS_GET_SYSTEM_ID 1
| #define UCS_HAVE_MPOOL_PARAMS 1
| #define UCS_HAVE_CONFIG_GLOBAL_LIST_ENTRY_FLAGS 1
| #define UCS_HAVE_RCACHE_REGION_ALIGNMENT 1
| #define UCS_HAVE_PARSER_SET_VALUE_TABLE_PREFIX 1
| #define UCS_HAVE_PARSER_CONFIG_DOC 1
| /* end confdefs.h.  */
| #include <stdio.h>
| #ifdef HAVE_SYS_TYPES_H
| # include <sys/types.h>
| #endif
| #ifdef HAVE_SYS_STAT_H
| # include <sys/stat.h>
| #endif
| #ifdef STDC_HEADERS
| # include <stdlib.h>
| # include <stddef.h>
| #else
| # ifdef HAVE_STDLIB_H
| #  include <stdlib.h>
| # endif
| #endif
| #ifdef HAVE_STRING_H
| # if !defined STDC_HEADERS && defined HAVE_MEMORY_H
| #  include <memory.h>
| # endif
| # include <string.h>
| #endif
| #ifdef HAVE_STRINGS_H
| # include <strings.h>
| #endif
| #ifdef HAVE_INTTYPES_H
| # include <inttypes.h>
| #endif
| #ifdef HAVE_STDINT_H
| # include <stdint.h>
| #endif
| #ifdef HAVE_UNISTD_H
| # include <unistd.h>
| #endif
| #include <cuda_runtime.h>
configure:23597: result: no
configure:23597: checking cuda_runtime.h presence
configure:23597: gcc -E   conftest.c
conftest.c:56:10: fatal error: cuda_runtime.h: No such file or directory
 #include <cuda_runtime.h>
          ^~~~~~~~~~~~~~~~
compilation terminated.
configure:23597: $? = 1
configure: failed program was:
| /* confdefs.h */
| #define PACKAGE_NAME "ucc"
| #define PACKAGE_TARNAME "ucc"
| #define PACKAGE_VERSION "1.3"
| #define PACKAGE_STRING "ucc 1.3"
| #define PACKAGE_BUGREPORT ""
| #define PACKAGE_URL ""
| #define STDC_HEADERS 1
| #define HAVE_SYS_TYPES_H 1
| #define HAVE_SYS_STAT_H 1
| #define HAVE_STDLIB_H 1
| #define HAVE_STRING_H 1
| #define HAVE_MEMORY_H 1
| #define HAVE_STRINGS_H 1
| #define HAVE_INTTYPES_H 1
| #define HAVE_STDINT_H 1
| #define HAVE_UNISTD_H 1
| #define __EXTENSIONS__ 1
| #define _ALL_SOURCE 1
| #define _GNU_SOURCE 1
| #define _POSIX_PTHREAD_SEMANTICS 1
| #define _TANDEM_SOURCE 1
| #define UCC_CONFIGURE_FLAGS "--prefix=/home/pj24001791/ku40000464/openucc/ucc-install-path --with-ucx=/home/app/hpcx/2.20.0/ucx"
| #define PACKAGE "ucc"
| #define VERSION "1.3"
| #define HAVE_DLFCN_H 1
| #define LT_OBJDIR ".libs/"
| #define SIZEOF_FLOAT 4
| #define SIZEOF_DOUBLE 8
| #define SIZEOF_LONG_DOUBLE 16
| #define SIZEOF_FLOAT__COMPLEX 8
| #define SIZEOF_DOUBLE__COMPLEX 16
| #define SIZEOF_LONG_DOUBLE__COMPLEX 32
| #define UCC_MODULE_SUBDIR "ucc"
| #define HAVE_ATTRIBUTE_NOOPTIMIZE 1
| #define UCC_BIG_ENDIAN 0
| #define HAVE_ALLOCA_H 1
| #define HAVE_ALLOCA 1
| #define HAVE_LIBRT 1
| #define HAVE_LIBRT 1
| #define HAVE_LIBGEN_H 1
| #define HAVE_DECL_ASPRINTF 1
| #define HAVE_DECL_BASENAME 1
| #define HAVE_DECL_FMEMOPEN 1
| #define NVALGRIND 1
| #define UCS_MAX_LOG_LEVEL UCS_LOG_LEVEL_DEBUG
| #define HAVE_UCP_API_UCP_H 1
| #define HAVE_UCS_SYS_UID_H 1
| #define HAVE_UCS_GET_SYSTEM_ID 1
| #define UCS_HAVE_MPOOL_PARAMS 1
| #define UCS_HAVE_CONFIG_GLOBAL_LIST_ENTRY_FLAGS 1
| #define UCS_HAVE_RCACHE_REGION_ALIGNMENT 1
| #define UCS_HAVE_PARSER_SET_VALUE_TABLE_PREFIX 1
| #define UCS_HAVE_PARSER_CONFIG_DOC 1
| /* end confdefs.h.  */
| #include <cuda_runtime.h>
configure:23597: result: no
configure:23597: checking for cuda_runtime.h
configure:23597: result: no
configure:23702: checking nvml.h usability
configure:23702: gcc -c  -O3 -g -DNDEBUG   conftest.c >&5
conftest.c:89:10: fatal error: nvml.h: No such file or directory
 #include <nvml.h>
          ^~~~~~~~
compilation terminated.
configure:23702: $? = 1
configure: failed program was:
| /* confdefs.h */
| #define PACKAGE_NAME "ucc"
| #define PACKAGE_TARNAME "ucc"
| #define PACKAGE_VERSION "1.3"
| #define PACKAGE_STRING "ucc 1.3"
| #define PACKAGE_BUGREPORT ""
| #define PACKAGE_URL ""
| #define STDC_HEADERS 1
| #define HAVE_SYS_TYPES_H 1
| #define HAVE_SYS_STAT_H 1
| #define HAVE_STDLIB_H 1
| #define HAVE_STRING_H 1
| #define HAVE_MEMORY_H 1
| #define HAVE_STRINGS_H 1
| #define HAVE_INTTYPES_H 1
| #define HAVE_STDINT_H 1
| #define HAVE_UNISTD_H 1
| #define __EXTENSIONS__ 1
| #define _ALL_SOURCE 1
| #define _GNU_SOURCE 1
| #define _POSIX_PTHREAD_SEMANTICS 1
| #define _TANDEM_SOURCE 1
| #define UCC_CONFIGURE_FLAGS "--prefix=/home/pj24001791/ku40000464/openucc/ucc-install-path --with-ucx=/home/app/hpcx/2.20.0/ucx"
| #define PACKAGE "ucc"
| #define VERSION "1.3"
| #define HAVE_DLFCN_H 1
| #define LT_OBJDIR ".libs/"
| #define SIZEOF_FLOAT 4
| #define SIZEOF_DOUBLE 8
| #define SIZEOF_LONG_DOUBLE 16
| #define SIZEOF_FLOAT__COMPLEX 8
| #define SIZEOF_DOUBLE__COMPLEX 16
| #define SIZEOF_LONG_DOUBLE__COMPLEX 32
| #define UCC_MODULE_SUBDIR "ucc"
| #define HAVE_ATTRIBUTE_NOOPTIMIZE 1
| #define UCC_BIG_ENDIAN 0
| #define HAVE_ALLOCA_H 1
| #define HAVE_ALLOCA 1
| #define HAVE_LIBRT 1
| #define HAVE_LIBRT 1
| #define HAVE_LIBGEN_H 1
| #define HAVE_DECL_ASPRINTF 1
| #define HAVE_DECL_BASENAME 1
| #define HAVE_DECL_FMEMOPEN 1
| #define NVALGRIND 1
| #define UCS_MAX_LOG_LEVEL UCS_LOG_LEVEL_DEBUG
| #define HAVE_UCP_API_UCP_H 1
| #define HAVE_UCS_SYS_UID_H 1
| #define HAVE_UCS_GET_SYSTEM_ID 1
| #define UCS_HAVE_MPOOL_PARAMS 1
| #define UCS_HAVE_CONFIG_GLOBAL_LIST_ENTRY_FLAGS 1
| #define UCS_HAVE_RCACHE_REGION_ALIGNMENT 1
| #define UCS_HAVE_PARSER_SET_VALUE_TABLE_PREFIX 1
| #define UCS_HAVE_PARSER_CONFIG_DOC 1
| /* end confdefs.h.  */
| #include <stdio.h>
| #ifdef HAVE_SYS_TYPES_H
| # include <sys/types.h>
| #endif
| #ifdef HAVE_SYS_STAT_H
| # include <sys/stat.h>
| #endif
| #ifdef STDC_HEADERS
| # include <stdlib.h>
| # include <stddef.h>
| #else
| # ifdef HAVE_STDLIB_H
| #  include <stdlib.h>
| # endif
| #endif
| #ifdef HAVE_STRING_H
| # if !defined STDC_HEADERS && defined HAVE_MEMORY_H
| #  include <memory.h>
| # endif
| # include <string.h>
| #endif
| #ifdef HAVE_STRINGS_H
| # include <strings.h>
| #endif
| #ifdef HAVE_INTTYPES_H
| # include <inttypes.h>
| #endif
| #ifdef HAVE_STDINT_H
| # include <stdint.h>
| #endif
| #ifdef HAVE_UNISTD_H
| # include <unistd.h>
| #endif
| #include <nvml.h>
configure:23702: result: no
configure:23702: checking nvml.h presence
configure:23702: gcc -E   conftest.c
conftest.c:56:10: fatal error: nvml.h: No such file or directory
 #include <nvml.h>
          ^~~~~~~~
compilation terminated.
configure:23702: $? = 1
configure: failed program was:
| /* confdefs.h */
| #define PACKAGE_NAME "ucc"
| #define PACKAGE_TARNAME "ucc"
| #define PACKAGE_VERSION "1.3"
| #define PACKAGE_STRING "ucc 1.3"
| #define PACKAGE_BUGREPORT ""
| #define PACKAGE_URL ""
| #define STDC_HEADERS 1
| #define HAVE_SYS_TYPES_H 1
| #define HAVE_SYS_STAT_H 1
| #define HAVE_STDLIB_H 1
| #define HAVE_STRING_H 1
| #define HAVE_MEMORY_H 1
| #define HAVE_STRINGS_H 1
| #define HAVE_INTTYPES_H 1
| #define HAVE_STDINT_H 1
| #define HAVE_UNISTD_H 1
| #define __EXTENSIONS__ 1
| #define _ALL_SOURCE 1
| #define _GNU_SOURCE 1
| #define _POSIX_PTHREAD_SEMANTICS 1
| #define _TANDEM_SOURCE 1
| #define UCC_CONFIGURE_FLAGS "--prefix=/home/pj24001791/ku40000464/openucc/ucc-install-path --with-ucx=/home/app/hpcx/2.20.0/ucx"
| #define PACKAGE "ucc"
| #define VERSION "1.3"
| #define HAVE_DLFCN_H 1
| #define LT_OBJDIR ".libs/"
| #define SIZEOF_FLOAT 4
| #define SIZEOF_DOUBLE 8
| #define SIZEOF_LONG_DOUBLE 16
| #define SIZEOF_FLOAT__COMPLEX 8
| #define SIZEOF_DOUBLE__COMPLEX 16
| #define SIZEOF_LONG_DOUBLE__COMPLEX 32
| #define UCC_MODULE_SUBDIR "ucc"
| #define HAVE_ATTRIBUTE_NOOPTIMIZE 1
| #define UCC_BIG_ENDIAN 0
| #define HAVE_ALLOCA_H 1
| #define HAVE_ALLOCA 1
| #define HAVE_LIBRT 1
| #define HAVE_LIBRT 1
| #define HAVE_LIBGEN_H 1
| #define HAVE_DECL_ASPRINTF 1
| #define HAVE_DECL_BASENAME 1
| #define HAVE_DECL_FMEMOPEN 1
| #define NVALGRIND 1
| #define UCS_MAX_LOG_LEVEL UCS_LOG_LEVEL_DEBUG
| #define HAVE_UCP_API_UCP_H 1
| #define HAVE_UCS_SYS_UID_H 1
| #define HAVE_UCS_GET_SYSTEM_ID 1
| #define UCS_HAVE_MPOOL_PARAMS 1
| #define UCS_HAVE_CONFIG_GLOBAL_LIST_ENTRY_FLAGS 1
| #define UCS_HAVE_RCACHE_REGION_ALIGNMENT 1
| #define UCS_HAVE_PARSER_SET_VALUE_TABLE_PREFIX 1
| #define UCS_HAVE_PARSER_CONFIG_DOC 1
| /* end confdefs.h.  */
| #include <nvml.h>
configure:23702: result: no
configure:23702: checking for nvml.h
configure:23702: result: no
configure:23821: checking size of cuFloatComplex
configure:23826: gcc -o conftest  -O3 -g -DNDEBUG     conftest.c -lrt -lrt  >&5
conftest.c:56:10: fatal error: cuComplex.h: No such file or directory
 #include <cuComplex.h>
          ^~~~~~~~~~~~~
compilation terminated.
configure:23826: $? = 1
configure: program exited with status 1
configure: failed program was:
| /* confdefs.h */
| #define PACKAGE_NAME "ucc"
| #define PACKAGE_TARNAME "ucc"
| #define PACKAGE_VERSION "1.3"
| #define PACKAGE_STRING "ucc 1.3"
| #define PACKAGE_BUGREPORT ""
| #define PACKAGE_URL ""
| #define STDC_HEADERS 1
| #define HAVE_SYS_TYPES_H 1
| #define HAVE_SYS_STAT_H 1
| #define HAVE_STDLIB_H 1
| #define HAVE_STRING_H 1
| #define HAVE_MEMORY_H 1
| #define HAVE_STRINGS_H 1
| #define HAVE_INTTYPES_H 1
| #define HAVE_STDINT_H 1
| #define HAVE_UNISTD_H 1
| #define __EXTENSIONS__ 1
| #define _ALL_SOURCE 1
| #define _GNU_SOURCE 1
| #define _POSIX_PTHREAD_SEMANTICS 1
| #define _TANDEM_SOURCE 1
| #define UCC_CONFIGURE_FLAGS "--prefix=/home/pj24001791/ku40000464/openucc/ucc-install-path --with-ucx=/home/app/hpcx/2.20.0/ucx"
| #define PACKAGE "ucc"
| #define VERSION "1.3"
| #define HAVE_DLFCN_H 1
| #define LT_OBJDIR ".libs/"
| #define SIZEOF_FLOAT 4
| #define SIZEOF_DOUBLE 8
| #define SIZEOF_LONG_DOUBLE 16
| #define SIZEOF_FLOAT__COMPLEX 8
| #define SIZEOF_DOUBLE__COMPLEX 16
| #define SIZEOF_LONG_DOUBLE__COMPLEX 32
| #define UCC_MODULE_SUBDIR "ucc"
| #define HAVE_ATTRIBUTE_NOOPTIMIZE 1
| #define UCC_BIG_ENDIAN 0
| #define HAVE_ALLOCA_H 1
| #define HAVE_ALLOCA 1
| #define HAVE_LIBRT 1
| #define HAVE_LIBRT 1
| #define HAVE_LIBGEN_H 1
| #define HAVE_DECL_ASPRINTF 1
| #define HAVE_DECL_BASENAME 1
| #define HAVE_DECL_FMEMOPEN 1
| #define NVALGRIND 1
| #define UCS_MAX_LOG_LEVEL UCS_LOG_LEVEL_DEBUG
| #define HAVE_UCP_API_UCP_H 1
| #define HAVE_UCS_SYS_UID_H 1
| #define HAVE_UCS_GET_SYSTEM_ID 1
| #define UCS_HAVE_MPOOL_PARAMS 1
| #define UCS_HAVE_CONFIG_GLOBAL_LIST_ENTRY_FLAGS 1
| #define UCS_HAVE_RCACHE_REGION_ALIGNMENT 1
| #define UCS_HAVE_PARSER_SET_VALUE_TABLE_PREFIX 1
| #define UCS_HAVE_PARSER_CONFIG_DOC 1
| /* end confdefs.h.  */
| #include <cuComplex.h>
| 
| static long int longval () { return (long int) (sizeof (cuFloatComplex)); }
| static unsigned long int ulongval () { return (long int) (sizeof (cuFloatComplex)); }
| #include <stdio.h>
| #include <stdlib.h>
| int
| main ()
| {
| 
|   FILE *f = fopen ("conftest.val", "w");
|   if (! f)
|     return 1;
|   if (((long int) (sizeof (cuFloatComplex))) < 0)
|     {
|       long int i = longval ();
|       if (i != ((long int) (sizeof (cuFloatComplex))))
| 	return 1;
|       fprintf (f, "%ld", i);
|     }
|   else
|     {
|       unsigned long int i = ulongval ();
|       if (i != ((long int) (sizeof (cuFloatComplex))))
| 	return 1;
|       fprintf (f, "%lu", i);
|     }
|   /* Do not output a trailing newline, as this causes \r\n confusion
|      on some platforms.  */
|   return ferror (f) || fclose (f) != 0;
| 
|   ;
|   return 0;
| }
configure:23841: result: 0
configure:23855: checking size of cuDoubleComplex
configure:23860: gcc -o conftest  -O3 -g -DNDEBUG     conftest.c -lrt -lrt  >&5
conftest.c:57:10: fatal error: cuComplex.h: No such file or directory
 #include <cuComplex.h>
          ^~~~~~~~~~~~~
compilation terminated.
configure:23860: $? = 1
configure: program exited with status 1
configure: failed program was:
| /* confdefs.h */
| #define PACKAGE_NAME "ucc"
| #define PACKAGE_TARNAME "ucc"
| #define PACKAGE_VERSION "1.3"
| #define PACKAGE_STRING "ucc 1.3"
| #define PACKAGE_BUGREPORT ""
| #define PACKAGE_URL ""
| #define STDC_HEADERS 1
| #define HAVE_SYS_TYPES_H 1
| #define HAVE_SYS_STAT_H 1
| #define HAVE_STDLIB_H 1
| #define HAVE_STRING_H 1
| #define HAVE_MEMORY_H 1
| #define HAVE_STRINGS_H 1
| #define HAVE_INTTYPES_H 1
| #define HAVE_STDINT_H 1
| #define HAVE_UNISTD_H 1
| #define __EXTENSIONS__ 1
| #define _ALL_SOURCE 1
| #define _GNU_SOURCE 1
| #define _POSIX_PTHREAD_SEMANTICS 1
| #define _TANDEM_SOURCE 1
| #define UCC_CONFIGURE_FLAGS "--prefix=/home/pj24001791/ku40000464/openucc/ucc-install-path --with-ucx=/home/app/hpcx/2.20.0/ucx"
| #define PACKAGE "ucc"
| #define VERSION "1.3"
| #define HAVE_DLFCN_H 1
| #define LT_OBJDIR ".libs/"
| #define SIZEOF_FLOAT 4
| #define SIZEOF_DOUBLE 8
| #define SIZEOF_LONG_DOUBLE 16
| #define SIZEOF_FLOAT__COMPLEX 8
| #define SIZEOF_DOUBLE__COMPLEX 16
| #define SIZEOF_LONG_DOUBLE__COMPLEX 32
| #define UCC_MODULE_SUBDIR "ucc"
| #define HAVE_ATTRIBUTE_NOOPTIMIZE 1
| #define UCC_BIG_ENDIAN 0
| #define HAVE_ALLOCA_H 1
| #define HAVE_ALLOCA 1
| #define HAVE_LIBRT 1
| #define HAVE_LIBRT 1
| #define HAVE_LIBGEN_H 1
| #define HAVE_DECL_ASPRINTF 1
| #define HAVE_DECL_BASENAME 1
| #define HAVE_DECL_FMEMOPEN 1
| #define NVALGRIND 1
| #define UCS_MAX_LOG_LEVEL UCS_LOG_LEVEL_DEBUG
| #define HAVE_UCP_API_UCP_H 1
| #define HAVE_UCS_SYS_UID_H 1
| #define HAVE_UCS_GET_SYSTEM_ID 1
| #define UCS_HAVE_MPOOL_PARAMS 1
| #define UCS_HAVE_CONFIG_GLOBAL_LIST_ENTRY_FLAGS 1
| #define UCS_HAVE_RCACHE_REGION_ALIGNMENT 1
| #define UCS_HAVE_PARSER_SET_VALUE_TABLE_PREFIX 1
| #define UCS_HAVE_PARSER_CONFIG_DOC 1
| #define SIZEOF_CUFLOATCOMPLEX 0
| /* end confdefs.h.  */
| #include <cuComplex.h>
| 
| static long int longval () { return (long int) (sizeof (cuDoubleComplex)); }
| static unsigned long int ulongval () { return (long int) (sizeof (cuDoubleComplex)); }
| #include <stdio.h>
| #include <stdlib.h>
| int
| main ()
| {
| 
|   FILE *f = fopen ("conftest.val", "w");
|   if (! f)
|     return 1;
|   if (((long int) (sizeof (cuDoubleComplex))) < 0)
|     {
|       long int i = longval ();
|       if (i != ((long int) (sizeof (cuDoubleComplex))))
| 	return 1;
|       fprintf (f, "%ld", i);
|     }
|   else
|     {
|       unsigned long int i = ulongval ();
|       if (i != ((long int) (sizeof (cuDoubleComplex))))
| 	return 1;
|       fprintf (f, "%lu", i);
|     }
|   /* Do not output a trailing newline, as this causes \r\n confusion
|      on some platforms.  */
|   return ferror (f) || fclose (f) != 0;
| 
|   ;
|   return 0;
| }
configure:23875: result: 0
configure:23997: WARNING: CUDA not found
configure:24023: result: CUDA support: no;  
configure:24048: ROCm path was not specified. Guessing ...
configure:24112: checking hsa.h usability
configure:24112: gcc -c  -O3 -g -DNDEBUG -I/opt/rocm/include/hsa -I/opt/rocm/include  conftest.c >&5
conftest.c:91:10: fatal error: hsa.h: No such file or directory
 #include <hsa.h>
          ^~~~~~~
compilation terminated.
configure:24112: $? = 1
configure: failed program was:
| /* confdefs.h */
| #define PACKAGE_NAME "ucc"
| #define PACKAGE_TARNAME "ucc"
| #define PACKAGE_VERSION "1.3"
| #define PACKAGE_STRING "ucc 1.3"
| #define PACKAGE_BUGREPORT ""
| #define PACKAGE_URL ""
| #define STDC_HEADERS 1
| #define HAVE_SYS_TYPES_H 1
| #define HAVE_SYS_STAT_H 1
| #define HAVE_STDLIB_H 1
| #define HAVE_STRING_H 1
| #define HAVE_MEMORY_H 1
| #define HAVE_STRINGS_H 1
| #define HAVE_INTTYPES_H 1
| #define HAVE_STDINT_H 1
| #define HAVE_UNISTD_H 1
| #define __EXTENSIONS__ 1
| #define _ALL_SOURCE 1
| #define _GNU_SOURCE 1
| #define _POSIX_PTHREAD_SEMANTICS 1
| #define _TANDEM_SOURCE 1
| #define UCC_CONFIGURE_FLAGS "--prefix=/home/pj24001791/ku40000464/openucc/ucc-install-path --with-ucx=/home/app/hpcx/2.20.0/ucx"
| #define PACKAGE "ucc"
| #define VERSION "1.3"
| #define HAVE_DLFCN_H 1
| #define LT_OBJDIR ".libs/"
| #define SIZEOF_FLOAT 4
| #define SIZEOF_DOUBLE 8
| #define SIZEOF_LONG_DOUBLE 16
| #define SIZEOF_FLOAT__COMPLEX 8
| #define SIZEOF_DOUBLE__COMPLEX 16
| #define SIZEOF_LONG_DOUBLE__COMPLEX 32
| #define UCC_MODULE_SUBDIR "ucc"
| #define HAVE_ATTRIBUTE_NOOPTIMIZE 1
| #define UCC_BIG_ENDIAN 0
| #define HAVE_ALLOCA_H 1
| #define HAVE_ALLOCA 1
| #define HAVE_LIBRT 1
| #define HAVE_LIBRT 1
| #define HAVE_LIBGEN_H 1
| #define HAVE_DECL_ASPRINTF 1
| #define HAVE_DECL_BASENAME 1
| #define HAVE_DECL_FMEMOPEN 1
| #define NVALGRIND 1
| #define UCS_MAX_LOG_LEVEL UCS_LOG_LEVEL_DEBUG
| #define HAVE_UCP_API_UCP_H 1
| #define HAVE_UCS_SYS_UID_H 1
| #define HAVE_UCS_GET_SYSTEM_ID 1
| #define UCS_HAVE_MPOOL_PARAMS 1
| #define UCS_HAVE_CONFIG_GLOBAL_LIST_ENTRY_FLAGS 1
| #define UCS_HAVE_RCACHE_REGION_ALIGNMENT 1
| #define UCS_HAVE_PARSER_SET_VALUE_TABLE_PREFIX 1
| #define UCS_HAVE_PARSER_CONFIG_DOC 1
| #define SIZEOF_CUFLOATCOMPLEX 0
| #define SIZEOF_CUDOUBLECOMPLEX 0
| /* end confdefs.h.  */
| #include <stdio.h>
| #ifdef HAVE_SYS_TYPES_H
| # include <sys/types.h>
| #endif
| #ifdef HAVE_SYS_STAT_H
| # include <sys/stat.h>
| #endif
| #ifdef STDC_HEADERS
| # include <stdlib.h>
| # include <stddef.h>
| #else
| # ifdef HAVE_STDLIB_H
| #  include <stdlib.h>
| # endif
| #endif
| #ifdef HAVE_STRING_H
| # if !defined STDC_HEADERS && defined HAVE_MEMORY_H
| #  include <memory.h>
| # endif
| # include <string.h>
| #endif
| #ifdef HAVE_STRINGS_H
| # include <strings.h>
| #endif
| #ifdef HAVE_INTTYPES_H
| # include <inttypes.h>
| #endif
| #ifdef HAVE_STDINT_H
| # include <stdint.h>
| #endif
| #ifdef HAVE_UNISTD_H
| # include <unistd.h>
| #endif
| #include <hsa.h>
configure:24112: result: no
configure:24112: checking hsa.h presence
configure:24112: gcc -E -I/opt/rocm/include/hsa -I/opt/rocm/include  conftest.c
conftest.c:58:10: fatal error: hsa.h: No such file or directory
 #include <hsa.h>
          ^~~~~~~
compilation terminated.
configure:24112: $? = 1
configure: failed program was:
| /* confdefs.h */
| #define PACKAGE_NAME "ucc"
| #define PACKAGE_TARNAME "ucc"
| #define PACKAGE_VERSION "1.3"
| #define PACKAGE_STRING "ucc 1.3"
| #define PACKAGE_BUGREPORT ""
| #define PACKAGE_URL ""
| #define STDC_HEADERS 1
| #define HAVE_SYS_TYPES_H 1
| #define HAVE_SYS_STAT_H 1
| #define HAVE_STDLIB_H 1
| #define HAVE_STRING_H 1
| #define HAVE_MEMORY_H 1
| #define HAVE_STRINGS_H 1
| #define HAVE_INTTYPES_H 1
| #define HAVE_STDINT_H 1
| #define HAVE_UNISTD_H 1
| #define __EXTENSIONS__ 1
| #define _ALL_SOURCE 1
| #define _GNU_SOURCE 1
| #define _POSIX_PTHREAD_SEMANTICS 1
| #define _TANDEM_SOURCE 1
| #define UCC_CONFIGURE_FLAGS "--prefix=/home/pj24001791/ku40000464/openucc/ucc-install-path --with-ucx=/home/app/hpcx/2.20.0/ucx"
| #define PACKAGE "ucc"
| #define VERSION "1.3"
| #define HAVE_DLFCN_H 1
| #define LT_OBJDIR ".libs/"
| #define SIZEOF_FLOAT 4
| #define SIZEOF_DOUBLE 8
| #define SIZEOF_LONG_DOUBLE 16
| #define SIZEOF_FLOAT__COMPLEX 8
| #define SIZEOF_DOUBLE__COMPLEX 16
| #define SIZEOF_LONG_DOUBLE__COMPLEX 32
| #define UCC_MODULE_SUBDIR "ucc"
| #define HAVE_ATTRIBUTE_NOOPTIMIZE 1
| #define UCC_BIG_ENDIAN 0
| #define HAVE_ALLOCA_H 1
| #define HAVE_ALLOCA 1
| #define HAVE_LIBRT 1
| #define HAVE_LIBRT 1
| #define HAVE_LIBGEN_H 1
| #define HAVE_DECL_ASPRINTF 1
| #define HAVE_DECL_BASENAME 1
| #define HAVE_DECL_FMEMOPEN 1
| #define NVALGRIND 1
| #define UCS_MAX_LOG_LEVEL UCS_LOG_LEVEL_DEBUG
| #define HAVE_UCP_API_UCP_H 1
| #define HAVE_UCS_SYS_UID_H 1
| #define HAVE_UCS_GET_SYSTEM_ID 1
| #define UCS_HAVE_MPOOL_PARAMS 1
| #define UCS_HAVE_CONFIG_GLOBAL_LIST_ENTRY_FLAGS 1
| #define UCS_HAVE_RCACHE_REGION_ALIGNMENT 1
| #define UCS_HAVE_PARSER_SET_VALUE_TABLE_PREFIX 1
| #define UCS_HAVE_PARSER_CONFIG_DOC 1
| #define SIZEOF_CUFLOATCOMPLEX 0
| #define SIZEOF_CUDOUBLECOMPLEX 0
| /* end confdefs.h.  */
| #include <hsa.h>
configure:24112: result: no
configure:24112: checking for hsa.h
configure:24112: result: no
configure:24195: WARNING: ROCm not found
configure:24228: gcc -c  -O3 -g -DNDEBUG  conftest.c >&5
conftest.c:58:10: fatal error: /opt/rocm/include/hip/hip_version.h: No such file or directory
 #include </opt/rocm/include/hip/hip_version.h>
          ^~~~~~~~~~~~~~~~~~~~~~~~~~~~~~~~~~~~~
compilation terminated.
configure:24228: $? = 1
configure: failed program was:
| /* confdefs.h */
| #define PACKAGE_NAME "ucc"
| #define PACKAGE_TARNAME "ucc"
| #define PACKAGE_VERSION "1.3"
| #define PACKAGE_STRING "ucc 1.3"
| #define PACKAGE_BUGREPORT ""
| #define PACKAGE_URL ""
| #define STDC_HEADERS 1
| #define HAVE_SYS_TYPES_H 1
| #define HAVE_SYS_STAT_H 1
| #define HAVE_STDLIB_H 1
| #define HAVE_STRING_H 1
| #define HAVE_MEMORY_H 1
| #define HAVE_STRINGS_H 1
| #define HAVE_INTTYPES_H 1
| #define HAVE_STDINT_H 1
| #define HAVE_UNISTD_H 1
| #define __EXTENSIONS__ 1
| #define _ALL_SOURCE 1
| #define _GNU_SOURCE 1
| #define _POSIX_PTHREAD_SEMANTICS 1
| #define _TANDEM_SOURCE 1
| #define UCC_CONFIGURE_FLAGS "--prefix=/home/pj24001791/ku40000464/openucc/ucc-install-path --with-ucx=/home/app/hpcx/2.20.0/ucx"
| #define PACKAGE "ucc"
| #define VERSION "1.3"
| #define HAVE_DLFCN_H 1
| #define LT_OBJDIR ".libs/"
| #define SIZEOF_FLOAT 4
| #define SIZEOF_DOUBLE 8
| #define SIZEOF_LONG_DOUBLE 16
| #define SIZEOF_FLOAT__COMPLEX 8
| #define SIZEOF_DOUBLE__COMPLEX 16
| #define SIZEOF_LONG_DOUBLE__COMPLEX 32
| #define UCC_MODULE_SUBDIR "ucc"
| #define HAVE_ATTRIBUTE_NOOPTIMIZE 1
| #define UCC_BIG_ENDIAN 0
| #define HAVE_ALLOCA_H 1
| #define HAVE_ALLOCA 1
| #define HAVE_LIBRT 1
| #define HAVE_LIBRT 1
| #define HAVE_LIBGEN_H 1
| #define HAVE_DECL_ASPRINTF 1
| #define HAVE_DECL_BASENAME 1
| #define HAVE_DECL_FMEMOPEN 1
| #define NVALGRIND 1
| #define UCS_MAX_LOG_LEVEL UCS_LOG_LEVEL_DEBUG
| #define HAVE_UCP_API_UCP_H 1
| #define HAVE_UCS_SYS_UID_H 1
| #define HAVE_UCS_GET_SYSTEM_ID 1
| #define UCS_HAVE_MPOOL_PARAMS 1
| #define UCS_HAVE_CONFIG_GLOBAL_LIST_ENTRY_FLAGS 1
| #define UCS_HAVE_RCACHE_REGION_ALIGNMENT 1
| #define UCS_HAVE_PARSER_SET_VALUE_TABLE_PREFIX 1
| #define UCS_HAVE_PARSER_CONFIG_DOC 1
| #define SIZEOF_CUFLOATCOMPLEX 0
| #define SIZEOF_CUDOUBLECOMPLEX 0
| /* end confdefs.h.  */
| #include </opt/rocm/include/hip/hip_version.h>
| 
| int
| main ()
| {
| 
| #if HIP_VERSION_MAJOR >= 6
| return 0;
| #else
| intr make+compilation_fail()
| #endif
| 
|   ;
|   return 0;
| }
configure:24235: checking if ROCm version is 6.0 or above
configure:24241: result: no
configure:24263: gcc -c  -O3 -g -DNDEBUG  conftest.c >&5
conftest.c:58:10: fatal error: /opt/rocm/include/hip/hip_version.h: No such file or directory
 #include </opt/rocm/include/hip/hip_version.h>
          ^~~~~~~~~~~~~~~~~~~~~~~~~~~~~~~~~~~~~
compilation terminated.
configure:24263: $? = 1
configure: failed program was:
| /* confdefs.h */
| #define PACKAGE_NAME "ucc"
| #define PACKAGE_TARNAME "ucc"
| #define PACKAGE_VERSION "1.3"
| #define PACKAGE_STRING "ucc 1.3"
| #define PACKAGE_BUGREPORT ""
| #define PACKAGE_URL ""
| #define STDC_HEADERS 1
| #define HAVE_SYS_TYPES_H 1
| #define HAVE_SYS_STAT_H 1
| #define HAVE_STDLIB_H 1
| #define HAVE_STRING_H 1
| #define HAVE_MEMORY_H 1
| #define HAVE_STRINGS_H 1
| #define HAVE_INTTYPES_H 1
| #define HAVE_STDINT_H 1
| #define HAVE_UNISTD_H 1
| #define __EXTENSIONS__ 1
| #define _ALL_SOURCE 1
| #define _GNU_SOURCE 1
| #define _POSIX_PTHREAD_SEMANTICS 1
| #define _TANDEM_SOURCE 1
| #define UCC_CONFIGURE_FLAGS "--prefix=/home/pj24001791/ku40000464/openucc/ucc-install-path --with-ucx=/home/app/hpcx/2.20.0/ucx"
| #define PACKAGE "ucc"
| #define VERSION "1.3"
| #define HAVE_DLFCN_H 1
| #define LT_OBJDIR ".libs/"
| #define SIZEOF_FLOAT 4
| #define SIZEOF_DOUBLE 8
| #define SIZEOF_LONG_DOUBLE 16
| #define SIZEOF_FLOAT__COMPLEX 8
| #define SIZEOF_DOUBLE__COMPLEX 16
| #define SIZEOF_LONG_DOUBLE__COMPLEX 32
| #define UCC_MODULE_SUBDIR "ucc"
| #define HAVE_ATTRIBUTE_NOOPTIMIZE 1
| #define UCC_BIG_ENDIAN 0
| #define HAVE_ALLOCA_H 1
| #define HAVE_ALLOCA 1
| #define HAVE_LIBRT 1
| #define HAVE_LIBRT 1
| #define HAVE_LIBGEN_H 1
| #define HAVE_DECL_ASPRINTF 1
| #define HAVE_DECL_BASENAME 1
| #define HAVE_DECL_FMEMOPEN 1
| #define NVALGRIND 1
| #define UCS_MAX_LOG_LEVEL UCS_LOG_LEVEL_DEBUG
| #define HAVE_UCP_API_UCP_H 1
| #define HAVE_UCS_SYS_UID_H 1
| #define HAVE_UCS_GET_SYSTEM_ID 1
| #define UCS_HAVE_MPOOL_PARAMS 1
| #define UCS_HAVE_CONFIG_GLOBAL_LIST_ENTRY_FLAGS 1
| #define UCS_HAVE_RCACHE_REGION_ALIGNMENT 1
| #define UCS_HAVE_PARSER_SET_VALUE_TABLE_PREFIX 1
| #define UCS_HAVE_PARSER_CONFIG_DOC 1
| #define SIZEOF_CUFLOATCOMPLEX 0
| #define SIZEOF_CUDOUBLECOMPLEX 0
| /* end confdefs.h.  */
| #include </opt/rocm/include/hip/hip_version.h>
| 
| int
| main ()
| {
| 
| #if HIP_VERSION_MAJOR >= 5
| return 0;
| #else
| intr make+compilation_fail()
| #endif
| 
|   ;
|   return 0;
| }
configure:24270: checking if ROCm version is 5.0 - 5.7
configure:24276: result: no
configure:24288: checking for hipFree in -lhip_hcc
configure:24313: gcc -o conftest  -O3 -g -DNDEBUG -D__HIP_PLATFORM_AMD__ -I/opt/rocm/include/hip -I/opt/rocm/include -I/opt/rocm/llvm/include -I/opt/rocm/hip/include  -L/opt/rocm/lib -L/opt/rocm/llvm/lib -L/opt/rocm/hip/lib  conftest.c -lhip_hcc  -lamdhip64 -lrt -lrt  >&5
/usr/bin/ld: cannot find -lhip_hcc
/usr/bin/ld: cannot find -lamdhip64
collect2: error: ld returned 1 exit status
configure:24313: $? = 1
configure: failed program was:
| /* confdefs.h */
| #define PACKAGE_NAME "ucc"
| #define PACKAGE_TARNAME "ucc"
| #define PACKAGE_VERSION "1.3"
| #define PACKAGE_STRING "ucc 1.3"
| #define PACKAGE_BUGREPORT ""
| #define PACKAGE_URL ""
| #define STDC_HEADERS 1
| #define HAVE_SYS_TYPES_H 1
| #define HAVE_SYS_STAT_H 1
| #define HAVE_STDLIB_H 1
| #define HAVE_STRING_H 1
| #define HAVE_MEMORY_H 1
| #define HAVE_STRINGS_H 1
| #define HAVE_INTTYPES_H 1
| #define HAVE_STDINT_H 1
| #define HAVE_UNISTD_H 1
| #define __EXTENSIONS__ 1
| #define _ALL_SOURCE 1
| #define _GNU_SOURCE 1
| #define _POSIX_PTHREAD_SEMANTICS 1
| #define _TANDEM_SOURCE 1
| #define UCC_CONFIGURE_FLAGS "--prefix=/home/pj24001791/ku40000464/openucc/ucc-install-path --with-ucx=/home/app/hpcx/2.20.0/ucx"
| #define PACKAGE "ucc"
| #define VERSION "1.3"
| #define HAVE_DLFCN_H 1
| #define LT_OBJDIR ".libs/"
| #define SIZEOF_FLOAT 4
| #define SIZEOF_DOUBLE 8
| #define SIZEOF_LONG_DOUBLE 16
| #define SIZEOF_FLOAT__COMPLEX 8
| #define SIZEOF_DOUBLE__COMPLEX 16
| #define SIZEOF_LONG_DOUBLE__COMPLEX 32
| #define UCC_MODULE_SUBDIR "ucc"
| #define HAVE_ATTRIBUTE_NOOPTIMIZE 1
| #define UCC_BIG_ENDIAN 0
| #define HAVE_ALLOCA_H 1
| #define HAVE_ALLOCA 1
| #define HAVE_LIBRT 1
| #define HAVE_LIBRT 1
| #define HAVE_LIBGEN_H 1
| #define HAVE_DECL_ASPRINTF 1
| #define HAVE_DECL_BASENAME 1
| #define HAVE_DECL_FMEMOPEN 1
| #define NVALGRIND 1
| #define UCS_MAX_LOG_LEVEL UCS_LOG_LEVEL_DEBUG
| #define HAVE_UCP_API_UCP_H 1
| #define HAVE_UCS_SYS_UID_H 1
| #define HAVE_UCS_GET_SYSTEM_ID 1
| #define UCS_HAVE_MPOOL_PARAMS 1
| #define UCS_HAVE_CONFIG_GLOBAL_LIST_ENTRY_FLAGS 1
| #define UCS_HAVE_RCACHE_REGION_ALIGNMENT 1
| #define UCS_HAVE_PARSER_SET_VALUE_TABLE_PREFIX 1
| #define UCS_HAVE_PARSER_CONFIG_DOC 1
| #define SIZEOF_CUFLOATCOMPLEX 0
| #define SIZEOF_CUDOUBLECOMPLEX 0
| /* end confdefs.h.  */
| 
| /* Override any GCC internal prototype to avoid an error.
|    Use char because int might match the return type of a GCC
|    builtin and then its argument prototype would still apply.  */
| #ifdef __cplusplus
| extern "C"
| #endif
| char hipFree ();
| int
| main ()
| {
| return hipFree ();
|   ;
|   return 0;
| }
configure:24322: result: no
configure:24334: checking hip/hip_runtime.h usability
configure:24334: gcc -c  -O3 -g -DNDEBUG -D__HIP_PLATFORM_AMD__ -I/opt/rocm/include/hip -I/opt/rocm/include -I/opt/rocm/llvm/include -I/opt/rocm/hip/include  conftest.c >&5
conftest.c:91:10: fatal error: hip/hip_runtime.h: No such file or directory
 #include <hip/hip_runtime.h>
          ^~~~~~~~~~~~~~~~~~~
compilation terminated.
configure:24334: $? = 1
configure: failed program was:
| /* confdefs.h */
| #define PACKAGE_NAME "ucc"
| #define PACKAGE_TARNAME "ucc"
| #define PACKAGE_VERSION "1.3"
| #define PACKAGE_STRING "ucc 1.3"
| #define PACKAGE_BUGREPORT ""
| #define PACKAGE_URL ""
| #define STDC_HEADERS 1
| #define HAVE_SYS_TYPES_H 1
| #define HAVE_SYS_STAT_H 1
| #define HAVE_STDLIB_H 1
| #define HAVE_STRING_H 1
| #define HAVE_MEMORY_H 1
| #define HAVE_STRINGS_H 1
| #define HAVE_INTTYPES_H 1
| #define HAVE_STDINT_H 1
| #define HAVE_UNISTD_H 1
| #define __EXTENSIONS__ 1
| #define _ALL_SOURCE 1
| #define _GNU_SOURCE 1
| #define _POSIX_PTHREAD_SEMANTICS 1
| #define _TANDEM_SOURCE 1
| #define UCC_CONFIGURE_FLAGS "--prefix=/home/pj24001791/ku40000464/openucc/ucc-install-path --with-ucx=/home/app/hpcx/2.20.0/ucx"
| #define PACKAGE "ucc"
| #define VERSION "1.3"
| #define HAVE_DLFCN_H 1
| #define LT_OBJDIR ".libs/"
| #define SIZEOF_FLOAT 4
| #define SIZEOF_DOUBLE 8
| #define SIZEOF_LONG_DOUBLE 16
| #define SIZEOF_FLOAT__COMPLEX 8
| #define SIZEOF_DOUBLE__COMPLEX 16
| #define SIZEOF_LONG_DOUBLE__COMPLEX 32
| #define UCC_MODULE_SUBDIR "ucc"
| #define HAVE_ATTRIBUTE_NOOPTIMIZE 1
| #define UCC_BIG_ENDIAN 0
| #define HAVE_ALLOCA_H 1
| #define HAVE_ALLOCA 1
| #define HAVE_LIBRT 1
| #define HAVE_LIBRT 1
| #define HAVE_LIBGEN_H 1
| #define HAVE_DECL_ASPRINTF 1
| #define HAVE_DECL_BASENAME 1
| #define HAVE_DECL_FMEMOPEN 1
| #define NVALGRIND 1
| #define UCS_MAX_LOG_LEVEL UCS_LOG_LEVEL_DEBUG
| #define HAVE_UCP_API_UCP_H 1
| #define HAVE_UCS_SYS_UID_H 1
| #define HAVE_UCS_GET_SYSTEM_ID 1
| #define UCS_HAVE_MPOOL_PARAMS 1
| #define UCS_HAVE_CONFIG_GLOBAL_LIST_ENTRY_FLAGS 1
| #define UCS_HAVE_RCACHE_REGION_ALIGNMENT 1
| #define UCS_HAVE_PARSER_SET_VALUE_TABLE_PREFIX 1
| #define UCS_HAVE_PARSER_CONFIG_DOC 1
| #define SIZEOF_CUFLOATCOMPLEX 0
| #define SIZEOF_CUDOUBLECOMPLEX 0
| /* end confdefs.h.  */
| #include <stdio.h>
| #ifdef HAVE_SYS_TYPES_H
| # include <sys/types.h>
| #endif
| #ifdef HAVE_SYS_STAT_H
| # include <sys/stat.h>
| #endif
| #ifdef STDC_HEADERS
| # include <stdlib.h>
| # include <stddef.h>
| #else
| # ifdef HAVE_STDLIB_H
| #  include <stdlib.h>
| # endif
| #endif
| #ifdef HAVE_STRING_H
| # if !defined STDC_HEADERS && defined HAVE_MEMORY_H
| #  include <memory.h>
| # endif
| # include <string.h>
| #endif
| #ifdef HAVE_STRINGS_H
| # include <strings.h>
| #endif
| #ifdef HAVE_INTTYPES_H
| # include <inttypes.h>
| #endif
| #ifdef HAVE_STDINT_H
| # include <stdint.h>
| #endif
| #ifdef HAVE_UNISTD_H
| # include <unistd.h>
| #endif
| #include <hip/hip_runtime.h>
configure:24334: result: no
configure:24334: checking hip/hip_runtime.h presence
configure:24334: gcc -E -D__HIP_PLATFORM_AMD__ -I/opt/rocm/include/hip -I/opt/rocm/include -I/opt/rocm/llvm/include -I/opt/rocm/hip/include  conftest.c
conftest.c:58:10: fatal error: hip/hip_runtime.h: No such file or directory
 #include <hip/hip_runtime.h>
          ^~~~~~~~~~~~~~~~~~~
compilation terminated.
configure:24334: $? = 1
configure: failed program was:
| /* confdefs.h */
| #define PACKAGE_NAME "ucc"
| #define PACKAGE_TARNAME "ucc"
| #define PACKAGE_VERSION "1.3"
| #define PACKAGE_STRING "ucc 1.3"
| #define PACKAGE_BUGREPORT ""
| #define PACKAGE_URL ""
| #define STDC_HEADERS 1
| #define HAVE_SYS_TYPES_H 1
| #define HAVE_SYS_STAT_H 1
| #define HAVE_STDLIB_H 1
| #define HAVE_STRING_H 1
| #define HAVE_MEMORY_H 1
| #define HAVE_STRINGS_H 1
| #define HAVE_INTTYPES_H 1
| #define HAVE_STDINT_H 1
| #define HAVE_UNISTD_H 1
| #define __EXTENSIONS__ 1
| #define _ALL_SOURCE 1
| #define _GNU_SOURCE 1
| #define _POSIX_PTHREAD_SEMANTICS 1
| #define _TANDEM_SOURCE 1
| #define UCC_CONFIGURE_FLAGS "--prefix=/home/pj24001791/ku40000464/openucc/ucc-install-path --with-ucx=/home/app/hpcx/2.20.0/ucx"
| #define PACKAGE "ucc"
| #define VERSION "1.3"
| #define HAVE_DLFCN_H 1
| #define LT_OBJDIR ".libs/"
| #define SIZEOF_FLOAT 4
| #define SIZEOF_DOUBLE 8
| #define SIZEOF_LONG_DOUBLE 16
| #define SIZEOF_FLOAT__COMPLEX 8
| #define SIZEOF_DOUBLE__COMPLEX 16
| #define SIZEOF_LONG_DOUBLE__COMPLEX 32
| #define UCC_MODULE_SUBDIR "ucc"
| #define HAVE_ATTRIBUTE_NOOPTIMIZE 1
| #define UCC_BIG_ENDIAN 0
| #define HAVE_ALLOCA_H 1
| #define HAVE_ALLOCA 1
| #define HAVE_LIBRT 1
| #define HAVE_LIBRT 1
| #define HAVE_LIBGEN_H 1
| #define HAVE_DECL_ASPRINTF 1
| #define HAVE_DECL_BASENAME 1
| #define HAVE_DECL_FMEMOPEN 1
| #define NVALGRIND 1
| #define UCS_MAX_LOG_LEVEL UCS_LOG_LEVEL_DEBUG
| #define HAVE_UCP_API_UCP_H 1
| #define HAVE_UCS_SYS_UID_H 1
| #define HAVE_UCS_GET_SYSTEM_ID 1
| #define UCS_HAVE_MPOOL_PARAMS 1
| #define UCS_HAVE_CONFIG_GLOBAL_LIST_ENTRY_FLAGS 1
| #define UCS_HAVE_RCACHE_REGION_ALIGNMENT 1
| #define UCS_HAVE_PARSER_SET_VALUE_TABLE_PREFIX 1
| #define UCS_HAVE_PARSER_CONFIG_DOC 1
| #define SIZEOF_CUFLOATCOMPLEX 0
| #define SIZEOF_CUDOUBLECOMPLEX 0
| /* end confdefs.h.  */
| #include <hip/hip_runtime.h>
configure:24334: result: no
configure:24334: checking for hip/hip_runtime.h
configure:24334: result: no
configure:24450: using hipcc as ROCm version is 3.7.0 to ROCm 5.7.1
configure:24511: WARNING: HIP Runtime not found
configure:24546: result: ROCM support: no; -I/opt/rocm/include/hsa -I/opt/rocm/include -L/opt/rocm/lib -L/opt/rocm/lib64 -L/opt/rocm/hsa/lib
configure:24548: result: HIP support: no; -D__HIP_PLATFORM_AMD__ -I/opt/rocm/include/hip -I/opt/rocm/include -I/opt/rocm/llvm/include -I/opt/rocm/hip/include -L/opt/rocm/lib -L/opt/rocm/llvm/lib -L/opt/rocm/hip/lib
configure:24577: result: GTEST support: 
configure:24618: checking infiniband/verbs.h usability
configure:24618: gcc -c  -O3 -g -DNDEBUG  conftest.c >&5
configure:24618: $? = 0
configure:24618: result: yes
configure:24618: checking infiniband/verbs.h presence
configure:24618: gcc -E  conftest.c
configure:24618: $? = 0
configure:24618: result: yes
configure:24618: checking for infiniband/verbs.h
configure:24618: result: yes
configure:24621: checking for ibv_get_device_list in -libverbs
configure:24646: gcc -o conftest  -O3 -g -DNDEBUG   conftest.c -libverbs  -lrt -lrt  >&5
configure:24646: $? = 0
configure:24655: result: yes
configure:24703: checking infiniband/mlx5dv.h usability
configure:24703: gcc -c  -O3 -g -DNDEBUG  conftest.c >&5
configure:24703: $? = 0
configure:24703: result: yes
configure:24703: checking infiniband/mlx5dv.h presence
configure:24703: gcc -E  conftest.c
configure:24703: $? = 0
configure:24703: result: yes
configure:24703: checking for infiniband/mlx5dv.h
configure:24703: result: yes
configure:24706: checking for mlx5dv_query_device in -lmlx5
configure:24731: gcc -o conftest  -O3 -g -DNDEBUG   conftest.c -lmlx5 -libverbs -lrt -lrt  >&5
configure:24731: $? = 0
configure:24740: result: yes
configure:24758: checking whether mlx5dv_wr_raw_wqe is declared
configure:24758: gcc -c  -O3 -g -DNDEBUG  conftest.c >&5
configure:24758: $? = 0
configure:24758: result: yes
configure:24835: result: IBVERBS support: yes, MLX5DV support: yes
configure:24884: checking /usr/include/rdma/rdma_cma.h usability
configure:24884: gcc -c  -O3 -g -DNDEBUG -I/usr/include  conftest.c >&5
configure:24884: $? = 0
configure:24884: result: yes
configure:24884: checking /usr/include/rdma/rdma_cma.h presence
configure:24884: gcc -E -I/usr/include  conftest.c
configure:24884: $? = 0
configure:24884: result: yes
configure:24884: checking for /usr/include/rdma/rdma_cma.h
configure:24884: result: yes
configure:24887: checking for rdma_establish in -lrdmacm
configure:24912: gcc -o conftest  -O3 -g -DNDEBUG -I/usr/include  -L/usr/lib64  conftest.c -lrdmacm  -lrt -lrt  >&5
configure:24912: $? = 0
configure:24921: result: yes
configure:24949: result: rdmacm dir: /usr
configure:25008: result: RDMACM support: yes
configure:25522: WARNING: NCCL not found
configure:25545: result: NCCL support: no
configure:25809: WARNING: RCCL not found
configure:25830: result: RCCL support: no
configure:25993: checking sharp/api/sharp_coll.h usability
configure:25993: gcc -c  -O3 -g -DNDEBUG  conftest.c >&5
configure:25993: $? = 0
configure:25993: result: yes
configure:25993: checking sharp/api/sharp_coll.h presence
configure:25993: gcc -E  conftest.c
configure:25993: $? = 0
configure:25993: result: yes
configure:25993: checking for sharp/api/sharp_coll.h
configure:25993: result: yes
configure:25999: checking for sharp_coll_init in -lsharp_coll 
configure:26024: gcc -o conftest  -O3 -g -DNDEBUG   conftest.c -lsharp_coll   -lrt -lrt  >&5
configure:26024: $? = 0
configure:26034: result: yes
configure:26059: checking whether SHARP_COLL_HIDE_ERRORS is declared
configure:26059: gcc -c  -O3 -g -DNDEBUG  conftest.c >&5
configure:26059: $? = 0
configure:26059: result: yes
configure:26071: checking whether SHARP_COLL_DISABLE_LAZY_GROUP_RESOURCE_ALLOC is declared
configure:26071: gcc -c  -O3 -g -DNDEBUG  conftest.c >&5
configure:26071: $? = 0
configure:26071: result: yes
configure:26108: result: SHARP support: yes
configure:26415: checking that generated files are newer than configure
configure:26421: result: done
configure:26712: creating ./config.status

## ---------------------- ##
## Running config.status. ##
## ---------------------- ##

This file was extended by ucc config.status 1.3, which was
generated by GNU Autoconf 2.69.  Invocation command line was

  CONFIG_FILES    = 
  CONFIG_HEADERS  = 
  CONFIG_LINKS    = 
  CONFIG_COMMANDS = 
  $ ./config.status 

on genkai0002

config.status:1401: creating src/components/tl/cuda/Makefile
config.status:1401: creating src/components/tl/mlx5/Makefile
config.status:1401: creating src/components/tl/nccl/Makefile
config.status:1401: creating src/components/tl/rccl/Makefile
config.status:1401: creating src/components/tl/self/Makefile
config.status:1401: creating src/components/tl/sharp/Makefile
config.status:1401: creating src/components/tl/ucp/Makefile
config.status:1401: creating src/components/tl/ucp/coll_plugins/example/Makefile
config.status:1401: creating Makefile
config.status:1401: creating src/Makefile
config.status:1401: creating src/ucc/api/ucc_version.h
config.status:1401: creating src/core/ucc_version.c
config.status:1401: creating src/components/cl/basic/Makefile
config.status:1401: creating src/components/cl/hier/Makefile
config.status:1401: creating src/components/mc/cpu/Makefile
config.status:1401: creating src/components/mc/cuda/Makefile
config.status:1401: creating src/components/ec/cpu/Makefile
config.status:1401: creating src/components/ec/cuda/Makefile
config.status:1401: creating src/components/ec/cuda/kernel/Makefile
config.status:1401: creating src/components/mc/rocm/Makefile
config.status:1401: creating src/components/ec/rocm/Makefile
config.status:1401: creating src/components/ec/rocm/kernel/Makefile
config.status:1401: creating test/mpi/Makefile
config.status:1401: creating test/gtest/Makefile
config.status:1401: creating tools/info/Makefile
config.status:1401: creating tools/perf/Makefile
config.status:1401: creating cmake/Makefile
config.status:1401: creating cmake/ucc-config-version.cmake
config.status:1401: creating cmake/ucc-config.cmake
config.status:1401: creating cmake/ucc-targets.cmake
config.status:1401: creating config.h
config.status:1615: executing depfiles commands
config.status:1692: cd src/components/tl/cuda       && sed -e '/# am--include-marker/d' Makefile         | make -f - am--depfiles
config.status:1697: $? = 0
config.status:1692: cd src/components/tl/mlx5       && sed -e '/# am--include-marker/d' Makefile         | make -f - am--depfiles
config.status:1697: $? = 0
config.status:1692: cd src/components/tl/nccl       && sed -e '/# am--include-marker/d' Makefile         | make -f - am--depfiles
config.status:1697: $? = 0
config.status:1692: cd src/components/tl/rccl       && sed -e '/# am--include-marker/d' Makefile         | make -f - am--depfiles
config.status:1697: $? = 0
config.status:1692: cd src/components/tl/self       && sed -e '/# am--include-marker/d' Makefile         | make -f - am--depfiles
config.status:1697: $? = 0
config.status:1692: cd src/components/tl/sharp       && sed -e '/# am--include-marker/d' Makefile         | make -f - am--depfiles
config.status:1697: $? = 0
config.status:1692: cd src/components/tl/ucp       && sed -e '/# am--include-marker/d' Makefile         | make -f - am--depfiles
config.status:1697: $? = 0
config.status:1692: cd src/components/tl/ucp/coll_plugins/example       && sed -e '/# am--include-marker/d' Makefile         | make -f - am--depfiles
config.status:1697: $? = 0
config.status:1692: cd src       && sed -e '/# am--include-marker/d' Makefile         | make -f - am--depfiles
config.status:1697: $? = 0
config.status:1692: cd src/components/cl/basic       && sed -e '/# am--include-marker/d' Makefile         | make -f - am--depfiles
config.status:1697: $? = 0
config.status:1692: cd src/components/cl/hier       && sed -e '/# am--include-marker/d' Makefile         | make -f - am--depfiles
config.status:1697: $? = 0
config.status:1692: cd src/components/mc/cpu       && sed -e '/# am--include-marker/d' Makefile         | make -f - am--depfiles
config.status:1697: $? = 0
config.status:1692: cd src/components/mc/cuda       && sed -e '/# am--include-marker/d' Makefile         | make -f - am--depfiles
config.status:1697: $? = 0
config.status:1692: cd src/components/ec/cpu       && sed -e '/# am--include-marker/d' Makefile         | make -f - am--depfiles
config.status:1697: $? = 0
config.status:1692: cd src/components/ec/cuda       && sed -e '/# am--include-marker/d' Makefile         | make -f - am--depfiles
config.status:1697: $? = 0
config.status:1692: cd src/components/mc/rocm       && sed -e '/# am--include-marker/d' Makefile         | make -f - am--depfiles
config.status:1697: $? = 0
config.status:1692: cd src/components/ec/rocm       && sed -e '/# am--include-marker/d' Makefile         | make -f - am--depfiles
config.status:1697: $? = 0
config.status:1692: cd test/mpi       && sed -e '/# am--include-marker/d' Makefile         | make -f - am--depfiles
config.status:1697: $? = 0
config.status:1692: cd test/gtest       && sed -e '/# am--include-marker/d' Makefile         | make -f - am--depfiles
config.status:1697: $? = 0
config.status:1692: cd tools/info       && sed -e '/# am--include-marker/d' Makefile         | make -f - am--depfiles
config.status:1697: $? = 0
config.status:1692: cd tools/perf       && sed -e '/# am--include-marker/d' Makefile         | make -f - am--depfiles
config.status:1697: $? = 0
config.status:1615: executing libtool commands
configure:29154: =========================================================
configure:29163: UCC build configuration:
configure:29165:       Build prefix:   /home/pj24001791/ku40000464/openucc/ucc-install-path
configure:29167: Preprocessor flags:    -I/home/app/hpcx/2.20.0/ucx/include/  -DCPU_FLAGS="" -I${abs_top_srcdir}/src -I${abs_top_builddir} -I${abs_top_builddir}/src
configure:29169:         C compiler:   gcc  -O3 -g -DNDEBUG -std=gnu11 -Wall -Werror -funwind-tables -Wno-missing-field-initializers -Wno-unused-parameter -Wno-long-long -Wno-endif-labels -Wno-sign-compare -Wno-multichar -Wno-deprecated-declarations -Winvalid-pch -Wno-pointer-sign -Werror-implicit-function-declaration -Wnested-externs -Wshadow
configure:29171:       C++ compiler:   g++  -O3 -g -DNDEBUG -Wall -Werror -funwind-tables -Wno-missing-field-initializers -Wno-unused-parameter -Wno-long-long -Wno-endif-labels -Wno-sign-compare -Wno-multichar -Wno-deprecated-declarations -Winvalid-pch
configure:29179:           Perftest:   disabled
configure:29181:              Gtest:   disabled
configure:29183:         MC modules:   < cpu >
configure:29185:         TL modules:   < self sharp ucp >
configure:29187:       TLCP modules:   < >
configure:29197: =========================================================

## ---------------- ##
## Cache variables. ##
## ---------------- ##

ac_cv_build=x86_64-pc-linux-gnu
ac_cv_c_bigendian=no
ac_cv_c_compiler_gnu=yes
ac_cv_cxx_compiler_gnu=yes
ac_cv_env_CCASFLAGS_set=
ac_cv_env_CCASFLAGS_value=
ac_cv_env_CCAS_set=
ac_cv_env_CCAS_value=
ac_cv_env_CCC_set=
ac_cv_env_CCC_value=
ac_cv_env_CC_set=
ac_cv_env_CC_value=
ac_cv_env_CFLAGS_set=
ac_cv_env_CFLAGS_value=
ac_cv_env_CPPFLAGS_set=
ac_cv_env_CPPFLAGS_value=
ac_cv_env_CPP_set=
ac_cv_env_CPP_value=
ac_cv_env_CXXCPP_set=
ac_cv_env_CXXCPP_value=
ac_cv_env_CXXFLAGS_set=
ac_cv_env_CXXFLAGS_value=
ac_cv_env_CXX_set=
ac_cv_env_CXX_value=
ac_cv_env_DOXYGEN_PAPER_SIZE_set=
ac_cv_env_DOXYGEN_PAPER_SIZE_value=
ac_cv_env_LDFLAGS_set=
ac_cv_env_LDFLAGS_value=
ac_cv_env_LIBS_set=
ac_cv_env_LIBS_value=
ac_cv_env_LT_SYS_LIBRARY_PATH_set=
ac_cv_env_LT_SYS_LIBRARY_PATH_value=
ac_cv_env_MPICC_set=
ac_cv_env_MPICC_value=
ac_cv_env_MPICXX_set=
ac_cv_env_MPICXX_value=
ac_cv_env_MPIRUN_set=
ac_cv_env_MPIRUN_value=
ac_cv_env_NVCC_set=
ac_cv_env_NVCC_value=
ac_cv_env_build_alias_set=
ac_cv_env_build_alias_value=
ac_cv_env_host_alias_set=
ac_cv_env_host_alias_value=
ac_cv_env_target_alias_set=
ac_cv_env_target_alias_value=
ac_cv_func_alloca_works=yes
ac_cv_have_decl_SHARP_COLL_DISABLE_LAZY_GROUP_RESOURCE_ALLOC=yes
ac_cv_have_decl_SHARP_COLL_HIDE_ERRORS=yes
ac_cv_have_decl__GLIBCXX_NOTHROW=yes
ac_cv_have_decl_asprintf=yes
ac_cv_have_decl_basename=yes
ac_cv_have_decl_fmemopen=yes
ac_cv_have_decl_mlx5dv_wr_raw_wqe=yes
ac_cv_header__usr_include_rdma_rdma_cma_h=yes
ac_cv_header_cuda_h=no
ac_cv_header_cuda_runtime_h=no
ac_cv_header_dlfcn_h=yes
ac_cv_header_hip_hip_runtime_h=no
ac_cv_header_hsa_h=no
ac_cv_header_infiniband_mlx5dv_h=yes
ac_cv_header_infiniband_verbs_h=yes
ac_cv_header_inttypes_h=yes
ac_cv_header_libgen_h=yes
ac_cv_header_memory_h=yes
ac_cv_header_minix_config_h=no
ac_cv_header_nvml_h=no
ac_cv_header_sharp_api_sharp_coll_h=yes
ac_cv_header_stdc=yes
ac_cv_header_stdint_h=yes
ac_cv_header_stdlib_h=yes
ac_cv_header_string_h=yes
ac_cv_header_strings_h=yes
ac_cv_header_sys_stat_h=yes
ac_cv_header_sys_types_h=yes
ac_cv_header_ucp_api_ucp_h=yes
ac_cv_header_ucs_sys_uid_h=yes
ac_cv_header_unistd_h=yes
ac_cv_host=x86_64-pc-linux-gnu
ac_cv_lib_hip_hcc_hipFree=no
ac_cv_lib_ibverbs_ibv_get_device_list=yes
ac_cv_lib_mlx5_mlx5dv_query_device=yes
ac_cv_lib_rdmacm_rdma_establish=yes
ac_cv_lib_rt_shm_open=yes
ac_cv_lib_rt_timer_create=yes
ac_cv_lib_sharp_coll____sharp_coll_init=yes
ac_cv_lib_ucp_ucp_tag_send_nb=yes
ac_cv_lib_ucs_ucs_get_system_id=yes
ac_cv_member_ucs_config_global_list_entry_t_flags=yes
ac_cv_member_ucs_config_parser_t_doc=yes
ac_cv_member_ucs_mpool_params_t_ops=yes
ac_cv_member_ucs_rcache_region_t_alignment=yes
ac_cv_objext=o
ac_cv_path_EGREP='/usr/bin/grep -E'
ac_cv_path_FGREP='/usr/bin/grep -F'
ac_cv_path_GREP=/usr/bin/grep
ac_cv_path_SED=/usr/bin/sed
ac_cv_path_ac_pt_DX_PERL=/usr/bin/perl
ac_cv_path_install='/usr/bin/install -c'
ac_cv_path_lt_DD=/usr/bin/dd
ac_cv_path_mkdir=/usr/bin/mkdir
ac_cv_prog_AWK=gawk
ac_cv_prog_CPP='gcc -E'
ac_cv_prog_CXXCPP='g++ -E'
ac_cv_prog_ac_ct_AR=ar
ac_cv_prog_ac_ct_CC=gcc
ac_cv_prog_ac_ct_CXX=g++
ac_cv_prog_ac_ct_OBJDUMP=objdump
ac_cv_prog_ac_ct_RANLIB=ranlib
ac_cv_prog_ac_ct_STRIP=strip
ac_cv_prog_cc_c89=
ac_cv_prog_cc_g=yes
ac_cv_prog_cxx_g=yes
ac_cv_prog_make_make_set=yes
ac_cv_safe_to_define___extensions__=yes
ac_cv_sizeof_cuDoubleComplex=0
ac_cv_sizeof_cuFloatComplex=0
ac_cv_sizeof_double=8
ac_cv_sizeof_double__Complex=16
ac_cv_sizeof_float=4
ac_cv_sizeof_float__Complex=8
ac_cv_sizeof_long_double=16
ac_cv_sizeof_long_double__Complex=32
ac_cv_type_size_t=yes
ac_cv_working_alloca_h=yes
am_cv_CCAS_dependencies_compiler_type=gcc3
am_cv_CC_dependencies_compiler_type=gcc3
am_cv_CXX_dependencies_compiler_type=gcc3
am_cv_make_support_nested_variables=yes
am_cv_prog_cc_c_o=yes
am_cv_prog_tar_ustar=gnutar
lt_cv_ar_at_file=@
lt_cv_archive_cmds_need_lc=no
lt_cv_deplibs_check_method=pass_all
lt_cv_file_magic_cmd='$MAGIC_CMD'
lt_cv_file_magic_test_file=
lt_cv_ld_reload_flag=-r
lt_cv_nm_interface='BSD nm'
lt_cv_objdir=.libs
lt_cv_path_LD=/usr/bin/ld
lt_cv_path_LDCXX='/usr/bin/ld -m elf_x86_64'
lt_cv_path_NM='/usr/bin/nm -B'
lt_cv_path_mainfest_tool=no
lt_cv_prog_compiler_c_o=yes
lt_cv_prog_compiler_c_o_CXX=yes
lt_cv_prog_compiler_pic='-fPIC -DPIC'
lt_cv_prog_compiler_pic_CXX='-fPIC -DPIC'
lt_cv_prog_compiler_pic_works=yes
lt_cv_prog_compiler_pic_works_CXX=yes
lt_cv_prog_compiler_rtti_exceptions=no
lt_cv_prog_compiler_static_works=no
lt_cv_prog_compiler_static_works_CXX=no
lt_cv_prog_gnu_ld=yes
lt_cv_prog_gnu_ldcxx=yes
lt_cv_sharedlib_from_linklib_cmd='printf %s\n'
lt_cv_shlibpath_overrides_runpath=no
lt_cv_sys_global_symbol_pipe='sed -n -e '\''s/^.*[	 ]\([ABCDGIRSTW][ABCDGIRSTW]*\)[	 ][	 ]*\([_A-Za-z][_A-Za-z0-9]*\)$/\1 \2 \2/p'\'' | sed '\''/ __gnu_lto/d'\'''
lt_cv_sys_global_symbol_to_c_name_address='sed -n -e '\''s/^: \(.*\) .*$/  {"\1", (void *) 0},/p'\'' -e '\''s/^[ABCDGIRSTW][ABCDGIRSTW]* .* \(.*\)$/  {"\1", (void *) \&\1},/p'\'''
lt_cv_sys_global_symbol_to_c_name_address_lib_prefix='sed -n -e '\''s/^: \(.*\) .*$/  {"\1", (void *) 0},/p'\'' -e '\''s/^[ABCDGIRSTW][ABCDGIRSTW]* .* \(lib.*\)$/  {"\1", (void *) \&\1},/p'\'' -e '\''s/^[ABCDGIRSTW][ABCDGIRSTW]* .* \(.*\)$/  {"lib\1", (void *) \&\1},/p'\'''
lt_cv_sys_global_symbol_to_cdecl='sed -n -e '\''s/^T .* \(.*\)$/extern int \1();/p'\'' -e '\''s/^[ABCDGIRSTW][ABCDGIRSTW]* .* \(.*\)$/extern char \1;/p'\'''
lt_cv_sys_global_symbol_to_import=
lt_cv_sys_max_cmd_len=1572864
lt_cv_to_host_file_cmd=func_convert_file_noop
lt_cv_to_tool_file_cmd=func_convert_file_noop
lt_cv_truncate_bin='/usr/bin/dd bs=4096 count=1'
ucx_cv_attribute_optimize=1

## ----------------- ##
## Output variables. ##
## ----------------- ##

ACLOCAL='${SHELL} /home/pj24001791/ku40000464/openucc/ucc-1.3.0/missing aclocal-1.16'
ALLOCA=''
AMDEPBACKSLASH='\'
AMDEP_FALSE='#'
AMDEP_TRUE=''
AMTAR='$${TAR-tar}'
AM_BACKSLASH='\'
AM_DEFAULT_V='$(AM_DEFAULT_VERBOSITY)'
AM_DEFAULT_VERBOSITY='0'
AM_V='$(V)'
AR='ar'
AUTOCONF='${SHELL} /home/pj24001791/ku40000464/openucc/ucc-1.3.0/missing autoconf'
AUTOHEADER='${SHELL} /home/pj24001791/ku40000464/openucc/ucc-1.3.0/missing autoheader'
AUTOMAKE='${SHELL} /home/pj24001791/ku40000464/openucc/ucc-1.3.0/missing automake-1.16'
AWK='gawk'
BASE_CFLAGS='-Wall -Werror -funwind-tables -Wno-missing-field-initializers -Wno-unused-parameter -Wno-long-long -Wno-endif-labels -Wno-sign-compare -Wno-multichar -Wno-deprecated-declarations -Winvalid-pch -Wno-pointer-sign -Werror-implicit-function-declaration -Wnested-externs -Wshadow'
BASE_CPPFLAGS='-DCPU_FLAGS="" -I${abs_top_srcdir}/src -I${abs_top_builddir} -I${abs_top_builddir}/src'
BASE_CXXFLAGS='-Wall -Werror -funwind-tables -Wno-missing-field-initializers -Wno-unused-parameter -Wno-long-long -Wno-endif-labels -Wno-sign-compare -Wno-multichar -Wno-deprecated-declarations -Winvalid-pch'
BUILD_TL_COLL_PLUGINS_FALSE='#'
BUILD_TL_COLL_PLUGINS_TRUE=''
CC='gcc'
CCAS='gcc'
CCASDEPMODE='depmode=gcc3'
CCASFLAGS=''
CCDEPMODE='depmode=gcc3'
CFLAGS=' -O3 -g -DNDEBUG -std=gnu11'
CFLAGS_NO_DEPRECATED=' -Wno-deprecated-declarations'
CFLAGS_PEDANTIC=' -pedantic'
CPP='gcc -E'
CPPFLAGS=' -I/home/app/hpcx/2.20.0/ucx/include/ '
CUDA_CPPFLAGS=''
CUDA_LDFLAGS=''
CUDA_LIBS=''
CXX11FLAGS='-std=gnu++11'
CXX='g++'
CXXCPP='g++ -E'
CXXDEPMODE='depmode=gcc3'
CXXFLAGS=' -O3 -g -DNDEBUG'
CYGPATH_W='echo'
DEFS='-DHAVE_CONFIG_H'
DEPDIR='.deps'
DLLTOOL='false'
DOCS_ONLY_FALSE=''
DOCS_ONLY_TRUE='#'
DOXYGEN_PAPER_SIZE=''
DSYMUTIL=''
DUMPBIN=''
DX_BIBTEX=''
DX_COND_chi_FALSE=''
DX_COND_chi_TRUE='#'
DX_COND_chm_FALSE=''
DX_COND_chm_TRUE='#'
DX_COND_doc_FALSE=''
DX_COND_doc_TRUE='#'
DX_COND_dot_FALSE=''
DX_COND_dot_TRUE='#'
DX_COND_html_FALSE=''
DX_COND_html_TRUE='#'
DX_COND_latex_FALSE=''
DX_COND_latex_TRUE='#'
DX_COND_man_FALSE=''
DX_COND_man_TRUE='#'
DX_COND_pdf_FALSE=''
DX_COND_pdf_TRUE='#'
DX_COND_ps_FALSE=''
DX_COND_ps_TRUE='#'
DX_COND_rtf_FALSE=''
DX_COND_rtf_TRUE='#'
DX_COND_xml_FALSE=''
DX_COND_xml_TRUE='#'
DX_CONFIG='docs/doxygen/ucc_doxygen.conf'
DX_DOCDIR='docs/doxygen-doc'
DX_DOT=''
DX_DOXYGEN=''
DX_DVIPS=''
DX_EGREP=''
DX_ENV=' SRCDIR='\''..'\'' PROJECT='\''UCC'\'' DOCDIR='\''docs/doxygen-doc'\'' VERSION='\''1.3'\'' HAVE_DOT='\''NO'\'' GENERATE_MAN='\''NO'\'' GENERATE_RTF='\''NO'\'' GENERATE_XML='\''NO'\'' GENERATE_HTMLHELP='\''NO'\'' GENERATE_CHI='\''NO'\'' GENERATE_HTML='\''NO'\'' GENERATE_LATEX='\''NO'\'''
DX_FLAG_chi='0'
DX_FLAG_chm='0'
DX_FLAG_doc='0'
DX_FLAG_dot='0'
DX_FLAG_html='0'
DX_FLAG_man='0'
DX_FLAG_pdf='0'
DX_FLAG_ps='0'
DX_FLAG_rtf='0'
DX_FLAG_xml='0'
DX_HHC=''
DX_LATEX=''
DX_MAKEINDEX=''
DX_PDFLATEX=''
DX_PERL='/usr/bin/perl'
DX_PROJECT='UCC'
ECHO_C=''
ECHO_N='-n'
ECHO_T=''
EGREP='/usr/bin/grep -E'
EXEEXT=''
FGREP='/usr/bin/grep -F'
GREP='/usr/bin/grep'
HAVE_AARCH64_HI1620_FALSE=''
HAVE_AARCH64_HI1620_TRUE='#'
HAVE_AARCH64_THUNDERX1_FALSE=''
HAVE_AARCH64_THUNDERX1_TRUE='#'
HAVE_AARCH64_THUNDERX2_FALSE=''
HAVE_AARCH64_THUNDERX2_TRUE='#'
HAVE_CUDA_FALSE=''
HAVE_CUDA_TRUE='#'
HAVE_CXX11_FALSE='#'
HAVE_CXX11_TRUE=''
HAVE_GLIBCXX_NOTHROW_FALSE='#'
HAVE_GLIBCXX_NOTHROW_TRUE=''
HAVE_GNUXX11_FALSE='#'
HAVE_GNUXX11_TRUE=''
HAVE_GTEST_FALSE=''
HAVE_GTEST_TRUE='#'
HAVE_HIP_FALSE=''
HAVE_HIP_TRUE='#'
HAVE_IBVERBS_FALSE='#'
HAVE_IBVERBS_TRUE=''
HAVE_MLX5DV_FALSE='#'
HAVE_MLX5DV_TRUE=''
HAVE_MPICC_FALSE=''
HAVE_MPICC_TRUE='#'
HAVE_MPICXX_FALSE=''
HAVE_MPICXX_TRUE='#'
HAVE_MPIRUN_FALSE=''
HAVE_MPIRUN_TRUE='#'
HAVE_MPI_FALSE=''
HAVE_MPI_TRUE='#'
HAVE_NVML_FALSE=''
HAVE_NVML_TRUE='#'
HAVE_PROFILING_FALSE=''
HAVE_PROFILING_TRUE='#'
HAVE_RDMACM_FALSE='#'
HAVE_RDMACM_TRUE=''
HAVE_ROCM_FALSE=''
HAVE_ROCM_TRUE='#'
HAVE_UCX_FALSE='#'
HAVE_UCX_TRUE=''
HIPCC=''
HIP_CPPFLAGS='-D__HIP_PLATFORM_AMD__ -I/opt/rocm/include/hip -I/opt/rocm/include -I/opt/rocm/llvm/include -I/opt/rocm/hip/include'
HIP_CXXFLAGS=''
HIP_LDFLAGS='-L/opt/rocm/lib -L/opt/rocm/llvm/lib -L/opt/rocm/hip/lib'
HIP_LIBS='-lamdhip64'
IBVERBS_CPPFLAGS=''
IBVERBS_LDFLAGS=''
IBVERBS_LIBADD='-libverbs'
INSTALL_DATA='${INSTALL} -m 644'
INSTALL_PROGRAM='${INSTALL}'
INSTALL_SCRIPT='${INSTALL}'
INSTALL_STRIP_PROGRAM='$(install_sh) -c -s'
LD='/usr/bin/ld -m elf_x86_64'
LDFLAGS=' -L/home/app/hpcx/2.20.0/ucx/lib -lucs'
LIBOBJS=''
LIBS='-lrt -lrt '
LIBTOOL='$(SHELL) $(top_builddir)/libtool'
LIPO=''
LN_RS='ln -s --relative'
LN_S='ln -s'
LTLIBOBJS=''
LT_SYS_LIBRARY_PATH=''
MAINT='#'
MAINTAINER_MODE_FALSE=''
MAINTAINER_MODE_TRUE='#'
MAJOR_VERSION='1'
MAKEINFO='${SHELL} /home/pj24001791/ku40000464/openucc/ucc-1.3.0/missing makeinfo'
MANIFEST_TOOL=':'
MICRO_VERSION='0'
MINOR_VERSION='3'
MKDIR_P='/usr/bin/mkdir -p'
MLX5DV_LIBADD='-lmlx5'
MPICC=''
MPICXX=''
MPIRUN=''
NCCL_CPPFLAGS=''
NCCL_LDFLAGS=''
NCCL_LIBADD=''
NM='/usr/bin/nm -B'
NMEDIT=''
NVCC=''
NVCC_ARCH=''
NVCC_CFLAGS=' -O3 -g -DNDEBUG'
NVML_LIBS=''
OBJDUMP='objdump'
OBJEXT='o'
OTOOL64=''
OTOOL=''
PACKAGE='ucc'
PACKAGE_BUGREPORT=''
PACKAGE_NAME='ucc'
PACKAGE_STRING='ucc 1.3'
PACKAGE_TARNAME='ucc'
PACKAGE_URL=''
PACKAGE_VERSION='1.3'
PATCH_VERSION='0'
PATH_SEPARATOR=':'
RANLIB='ranlib'
RCCL_CPPFLAGS=''
RCCL_LDFLAGS=''
RCCL_LIBADD=''
RDMACM_CPPFLAGS='-I/usr/include/'
RDMACM_LDFLAGS='-L/usr/lib64'
RDMACM_LIBADD='-lrdmacm'
ROCM_CPPFLAGS='-I/opt/rocm/include/hsa -I/opt/rocm/include'
ROCM_LDFLAGS='-L/opt/rocm/lib -L/opt/rocm/lib64 -L/opt/rocm/hsa/lib'
ROCM_LIBS='-lhsa-runtime64 -lhsakmt'
ROCM_ROOT='/opt/rocm'
RPM_RELEASE='1'
SED='/usr/bin/sed'
SET_MAKE=''
SHARP_CPPFLAGS='-I/include/ '
SHARP_LDFLAGS='-lsharp_coll -L/lib'
SHELL='/bin/sh'
SOVERSION='1:0:0'
STRIP='strip'
TLCP_UCP_EXAMPLE_ENABLED_FALSE=''
TLCP_UCP_EXAMPLE_ENABLED_TRUE='#'
TL_CUDA_ENABLED_FALSE=''
TL_CUDA_ENABLED_TRUE='#'
TL_MLX5_ENABLED_FALSE=''
TL_MLX5_ENABLED_TRUE='#'
TL_NCCL_ENABLED_FALSE=''
TL_NCCL_ENABLED_TRUE='#'
TL_RCCL_ENABLED_FALSE=''
TL_RCCL_ENABLED_TRUE='#'
TL_SELF_ENABLED_FALSE='#'
TL_SELF_ENABLED_TRUE=''
TL_SHARP_ENABLED_FALSE='#'
TL_SHARP_ENABLED_TRUE=''
TL_UCP_ENABLED_FALSE='#'
TL_UCP_ENABLED_TRUE=''
UCC_GIT_SHA=''
UCC_TOP_BUILDDIR='/home/pj24001791/ku40000464/openucc/ucc-1.3.0/build'
UCC_TOP_SRCDIR='/home/pj24001791/ku40000464/openucc/ucc-1.3.0'
UCS_CPPFLAGS='-I/home/app/hpcx/2.20.0/ucx/include/'
UCS_LDFLAGS='-L/home/app/hpcx/2.20.0/ucx/lib'
UCS_LIBADD='-lucs'
UCS_LIBDIR='/home/app/hpcx/2.20.0/ucx/lib'
UCX_CPPFLAGS='-I/home/app/hpcx/2.20.0/ucx/include/'
UCX_LDFLAGS='-L/home/app/hpcx/2.20.0/ucx/lib'
UCX_LIBADD='-lucp -lucm'
VERSION='1.3.0'
ac_ct_AR='ar'
ac_ct_CC='gcc'
ac_ct_CXX='g++'
ac_ct_DUMPBIN=''
am__EXEEXT_FALSE=''
am__EXEEXT_TRUE='#'
am__fastdepCCAS_FALSE='#'
am__fastdepCCAS_TRUE=''
am__fastdepCC_FALSE='#'
am__fastdepCC_TRUE=''
am__fastdepCXX_FALSE='#'
am__fastdepCXX_TRUE=''
am__include='include'
am__isrc=' -I$(srcdir)'
am__leading_dot='.'
am__nodep='_no'
am__quote=''
am__tar='tar --format=ustar -chf - "$$tardir"'
am__untar='tar -xf -'
bindir='${exec_prefix}/bin'
build='x86_64-pc-linux-gnu'
build_alias=''
build_cpu='x86_64'
build_os='linux-gnu'
build_vendor='pc'
datadir='${datarootdir}'
datarootdir='${prefix}/share'
docdir='${datarootdir}/doc/${PACKAGE_TARNAME}'
dvidir='${docdir}'
exec_prefix='${prefix}'
host='x86_64-pc-linux-gnu'
host_alias=''
host_cpu='x86_64'
host_os='linux-gnu'
host_vendor='pc'
htmldir='${docdir}'
includedir='${prefix}/include'
infodir='${datarootdir}/info'
install_sh='${SHELL} /home/pj24001791/ku40000464/openucc/ucc-1.3.0/install-sh'
libdir='${exec_prefix}/lib'
libexecdir='${exec_prefix}/libexec'
localedir='${datarootdir}/locale'
localmoduledir='$(abs_top_builddir)/modules'
localstatedir='${prefix}/var'
mandir='${datarootdir}/man'
mkdir_p='$(MKDIR_P)'
moduledir='${exec_prefix}/lib/ucc'
modulesubdir='ucc'
objdir='.libs'
oldincludedir='/usr/include'
pdfdir='${docdir}'
prefix='/home/pj24001791/ku40000464/openucc/ucc-install-path'
program_transform_name='s,x,x,'
psdir='${docdir}'
sbindir='${exec_prefix}/sbin'
sharedstatedir='${prefix}/com'
shrext='.so'
sysconfdir='${prefix}/etc'
target_alias=''

## ----------- ##
## confdefs.h. ##
## ----------- ##

/* confdefs.h */
#define PACKAGE_NAME "ucc"
#define PACKAGE_TARNAME "ucc"
#define PACKAGE_VERSION "1.3"
#define PACKAGE_STRING "ucc 1.3"
#define PACKAGE_BUGREPORT ""
#define PACKAGE_URL ""
#define STDC_HEADERS 1
#define HAVE_SYS_TYPES_H 1
#define HAVE_SYS_STAT_H 1
#define HAVE_STDLIB_H 1
#define HAVE_STRING_H 1
#define HAVE_MEMORY_H 1
#define HAVE_STRINGS_H 1
#define HAVE_INTTYPES_H 1
#define HAVE_STDINT_H 1
#define HAVE_UNISTD_H 1
#define __EXTENSIONS__ 1
#define _ALL_SOURCE 1
#define _GNU_SOURCE 1
#define _POSIX_PTHREAD_SEMANTICS 1
#define _TANDEM_SOURCE 1
#define UCC_CONFIGURE_FLAGS "--prefix=/home/pj24001791/ku40000464/openucc/ucc-install-path --with-ucx=/home/app/hpcx/2.20.0/ucx"
#define PACKAGE "ucc"
#define VERSION "1.3"
#define HAVE_DLFCN_H 1
#define LT_OBJDIR ".libs/"
#define SIZEOF_FLOAT 4
#define SIZEOF_DOUBLE 8
#define SIZEOF_LONG_DOUBLE 16
#define SIZEOF_FLOAT__COMPLEX 8
#define SIZEOF_DOUBLE__COMPLEX 16
#define SIZEOF_LONG_DOUBLE__COMPLEX 32
#define UCC_MODULE_SUBDIR "ucc"
#define HAVE_ATTRIBUTE_NOOPTIMIZE 1
#define UCC_BIG_ENDIAN 0
#define HAVE_ALLOCA_H 1
#define HAVE_ALLOCA 1
#define HAVE_LIBRT 1
#define HAVE_LIBRT 1
#define HAVE_LIBGEN_H 1
#define HAVE_DECL_ASPRINTF 1
#define HAVE_DECL_BASENAME 1
#define HAVE_DECL_FMEMOPEN 1
#define NVALGRIND 1
#define UCS_MAX_LOG_LEVEL UCS_LOG_LEVEL_DEBUG
#define HAVE_UCP_API_UCP_H 1
#define HAVE_UCS_SYS_UID_H 1
#define HAVE_UCS_GET_SYSTEM_ID 1
#define UCS_HAVE_MPOOL_PARAMS 1
#define UCS_HAVE_CONFIG_GLOBAL_LIST_ENTRY_FLAGS 1
#define UCS_HAVE_RCACHE_REGION_ALIGNMENT 1
#define UCS_HAVE_PARSER_SET_VALUE_TABLE_PREFIX 1
#define UCS_HAVE_PARSER_CONFIG_DOC 1
#define SIZEOF_CUFLOATCOMPLEX 0
#define SIZEOF_CUDOUBLECOMPLEX 0
#define HAVE_IBVERBS 1
#define HAVE_MLX5DV 1
#define HAVE_DECL_MLX5DV_WR_RAW_WQE 1
#define HAVE_RDMACM 1
#define HAVE_PROFILING_TL_SELF 1
#define HAVE_SHARP_API_SHARP_COLL_H 1
#define HAVE_DECL_SHARP_COLL_HIDE_ERRORS 1
#define HAVE_DECL_SHARP_COLL_DISABLE_LAZY_GROUP_RESOURCE_ALLOC 1
#define HAVE_PROFILING_TL_SHARP 1
#define HAVE_PROFILING_TL_UCP 1

configure: exit 0
